strahlerOrder,rivers,velocity_m_s,length_median_m,length_p01_m,k_median_s,k_min_s,k_max_s
2,2472350,0.5,5121.7,1462.4,10243.0,65,660825
3,1210922,0.5375,4095.95,333.6210000000001,7620.0,15,434227
4,643115,0.575,3945.8999999999996,278.814,6862.0,14,325079
5,322741,0.6125,3858.9,263.5,6300.0,14,248596
6,153888,0.65,3757.25,250.2,5780.0,12,315650
7,62279,0.6875,3675.1,225.634,5346.0,12,276171
8,23395,0.7250000000000001,3746.4,185.294,5167.0,16,356343
9,10028,0.7625000000000001,3759.7,143.778,4931.0,14,276122
10,816,0.8,4135.0,77.94,5168.5,20,39507
