domain,dt_s,rivers,too_long,too_short,valid,too_long_pct,too_short_pct,valid_pct
Columbia,60,29405,29379,4,22,99.91157966332257,0.01360312871960551,0.0748172079578303
Columbia,300,29405,29143,36,226,99.10899506886584,0.12242815847644958,0.7685767726577113
Columbia,600,29405,28774,105,526,97.85410644448223,0.35708212888964463,1.7888114266281245
Columbia,900,29405,28342,179,884,96.38496854276484,0.6087400102023466,3.0062914470328175
Columbia,1800,29405,24802,439,4164,84.34619962591395,1.4929433769767047,14.160856997109335
Columbia,3600,29405,12256,1063,16086,41.67998639687128,3.615031457235164,54.70498214589355
Global,60,4899534,4893213,1238,5083,99.8709877306699,0.025267709133154296,0.10374456019694935
Global,300,4899534,4861260,7981,30293,99.21882366772023,0.16289304248118291,0.6182832897985808
Global,600,4899534,4809990,17215,72329,98.17239761985527,0.3513599456601383,1.4762424344845857
Global,900,4899534,4744331,27271,127932,96.83229058110425,0.5566039545801703,2.6111054643155858
Global,1800,4899534,4212628,62177,624729,85.98017689029201,1.2690390555509974,12.750784054156988
Global,3600,4899534,2269481,155091,2474962,46.320343934749715,3.165423487213274,50.51423257803701
