treatment,dt,river_years,peak_error_median,peak_error_abs_mean,peak_error_p05,peak_error_p95,same_event_share,timing_moved_share,timing_mean_h,timing_abs_mean_h,timing_abs_p95_h,volume_error_abs_mean,volume_error_abs_max,volume_error_mean,river_years_negative,negative_hours,excess_negative_hours,negative_share_max,river_years_oscillating,oscillation_hours,excess_oscillation_hours,variation_ratio_median,variation_ratio_p99
standard,30,588100,0,2.48558e-08,0,0,1,6.12141e-05,6.80156e-06,6.12141e-05,0,6.38804e-09,3.18895e-06,-1.75624e-09,23877,587477,0,0.00250349,452774,5.56326e+06,26,1,1
standard,60,588100,5.36014e-07,0.000154284,-0.000413856,0.000328641,0.999726,0.00464674,-0.00408716,0.00796171,0,2.22036e-05,0.000283902,9.66666e-07,23872,586496,-981,0.00250903,452946,5.7493e+06,186064,1,1.00056
standard,300,588100,2.68462e-06,0.00126155,-0.00324341,0.00313799,0.997625,0.0403288,-0.0372437,0.0703405,0,2.11112e-05,0.00124899,-2.22935e-07,23685,578626,-8851,0.00255204,454945,7.41887e+06,1.85564e+06,1.00007,1.0066
standard,600,588100,1.87506e-05,0.00255298,-0.0056731,0.00715541,0.995174,0.0849739,-0.0790859,0.144872,1,2.44331e-05,0.00259882,-3.77573e-07,23315,566673,-20804,0.00260596,459998,9.83046e+06,4.26723e+06,1.00034,1.0176
standard,900,588100,4.60912e-05,0.00377116,-0.00692829,0.0118621,0.993071,0.129647,-0.1233,0.216145,1,2.78856e-05,0.0039365,5.75776e-08,22954,556799,-30678,0.00267582,466953,1.23935e+07,6.83026e+06,1.00088,1.03155
standard,1800,588100,0.000384152,0.00750967,-0.00567415,0.0312625,0.98765,0.260233,-0.243185,0.414882,1,3.90803e-05,0.00787715,1.26059e-06,22222,590050,2573,0.0180944,489071,2.04514e+07,1.48881e+07,1.00399,1.0864
standard,3600,588100,0.00455832,0.0208787,-0.0009807,0.0993664,0.97713,0.488163,-0.450328,0.753532,1,6.28567e-05,0.0155215,3.43815e-06,19541,841554,254077,0.228294,524290,3.55442e+07,2.9981e+07,1.01678,1.2334
substeps,60,588100,0.149842,0.178831,0.0330372,0.414933,0.907359,0.642332,0.38236,2.84277,12,0.000108339,0.0432997,4.85595e-06,0,0,-587477,0,557018,1.15403e+07,5.97711e+06,1.34744,2.87808
substeps,600,588100,0.111144,0.128558,0.0192007,0.28889,0.931847,0.580367,0.22687,2.21797,8,0.000102515,0.0434122,3.80124e-06,6,292,-587185,1.71772e-28,459707,5.16287e+06,-400369,1.24256,2.01716
substeps,1800,588100,0.0706036,0.082622,0.00817197,0.19381,0.9533,0.50341,0.00951598,1.53823,5,9.97289e-05,0.0422719,4.33492e-06,229,107073,-480404,0.0180944,486494,1.38659e+07,8.3027e+06,1.14975,1.52649
