treatment,dt,negative_volume_share,reaches_over_0.1pct,reaches_over_1pct,largest_share,lowest_m3s,too_short_rivers
reference,30,2.79697e-10,0,0,0.000613792,-0.242502,0
standard,30,2.79697e-10,0,0,0.000613792,-0.242502,0
standard,60,2.79844e-10,0,0,0.000616299,-0.242294,4
standard,300,2.8083e-10,0,0,0.000634931,-0.240477,36
standard,600,2.81601e-10,0,0,0.000655054,-0.238049,105
standard,900,2.82057e-10,0,0,0.000671859,-0.235456,179
standard,1800,3.30269e-10,1,0,0.00987311,-0.271621,439
standard,3600,3.87058e-09,13,6,0.116391,-5.65326,1063
substeps,60,0,0,0,0,0,4
substeps,600,1.65926e-35,0,0,6.62885e-30,-2.16815e-24,105
substeps,1800,4.95585e-11,1,0,0.00987311,-0.204422,439
