event,treatment,dt,rivers,peak_error_median,peak_error_abs_mean,peak_error_p95,timing_moved_share,timing_mean_h,timing_abs_mean_h,timing_abs_p95_h,max_error_median,max_error_p95,alternating_p99,alternating_share,rivers_negative,negative_hours,reference_negative_hours,most_negative
columbia-peak,standard,30,29405,0,2.70912e-08,0,3.40078e-05,3.40078e-05,3.40078e-05,0,0,5.13546e-07,4.92781e-07,0,1011,5314,5314,-0.0759299
snake-peak,standard,30,29405,0,2.78795e-08,0,3.40078e-05,-3.40078e-05,3.40078e-05,0,0,5.80283e-07,5.50087e-07,0,862,4043,4043,-0.173656
willamette-peak,standard,30,29405,0,2.26143e-08,0,3.40078e-05,3.40078e-05,3.40078e-05,0,0,5.34452e-07,7.26291e-07,0,544,1946,1946,-0.0336678
spokane-flash,standard,30,29405,0,2.33103e-08,0,3.40078e-05,-3.40078e-05,3.40078e-05,0,0,4.09366e-07,3.01171e-07,0,550,2182,2182,-0.0289613
columbia-peak,standard,60,29405,1.31065e-06,0.000124501,0.000509453,0.00557728,0.0111546,0.132494,0,0.00066112,0.00262587,0.00230031,0,1009,5306,5314,-0.0763483
snake-peak,standard,60,29405,-8.6998e-08,0.000144847,0.000627385,0.00506717,0.00863799,0.0527121,0,0.000739282,0.00266539,0.0022348,0,863,4037,4043,-0.174891
willamette-peak,standard,60,29405,-1.00551e-07,0.000151063,0.000644969,0.00533923,-0.00802585,0.0646829,0,0.000709018,0.00217414,0.00202135,0,543,1946,1946,-0.0341831
spokane-flash,standard,60,29405,-5.94955e-07,0.00014824,0.0006396,0.00499915,-0.0181942,0.0249277,0,0.000770005,0.00211749,0.00163164,0,549,2177,2182,-0.0290472
columbia-peak,standard,300,29405,4.14025e-06,0.000995662,0.00439426,0.0417616,-0.0950859,0.845298,0,0.00592286,0.0235482,0.0205764,0.0755314,1000,5247,5314,-0.0795272
snake-peak,standard,300,29405,-2.19013e-06,0.00117756,0.00542726,0.0416596,-0.100153,0.583608,0,0.0066343,0.0239015,0.0199809,0.0872641,859,3987,4043,-0.184585
willamette-peak,standard,300,29405,-1.0469e-06,0.00123943,0.00564783,0.0400612,-0.0205067,0.310321,0,0.00633358,0.0194828,0.0181143,0.0472029,539,1943,1946,-0.0382541
spokane-flash,standard,300,29405,7.08915e-07,0.00120916,0.00547618,0.0431899,-0.0665193,0.234994,0,0.00692101,0.0189723,0.0146028,0.034824,538,2138,2182,-0.0297104
columbia-peak,standard,600,29405,1.62276e-05,0.00202048,0.00901079,0.0862098,-0.256487,1.67101,1,0.0124665,0.0494652,0.0431923,0.223295,979,5146,5314,-0.0831332
snake-peak,standard,600,29405,8.71383e-06,0.00238351,0.0109372,0.0865159,0.0202347,1.19657,1,0.0139631,0.0502273,0.0418443,0.249923,839,3916,4043,-0.196313
willamette-peak,standard,600,29405,6.84346e-06,0.00252489,0.0113697,0.082809,-0.0750893,0.598946,1,0.0133192,0.0409508,0.037973,0.161911,532,1894,1946,-0.0430277
spokane-flash,standard,600,29405,1.83916e-05,0.00246019,0.0111373,0.0893385,-0.192858,0.548376,1,0.0145687,0.0398733,0.0306219,0.163374,527,2081,2182,-0.0304432
columbia-peak,standard,900,29405,3.92445e-05,0.00298849,0.0133136,0.12974,-0.374698,2.3934,1,0.0189941,0.075145,0.0655648,0.317633,960,5042,5314,-0.0863645
snake-peak,standard,900,29405,2.94697e-05,0.00351985,0.0162394,0.131134,-0.0290427,1.67577,1,0.0212297,0.0763111,0.0634149,0.342969,830,3852,4043,-0.207645
willamette-peak,standard,900,29405,2.55045e-05,0.00371758,0.0168406,0.126169,-0.0915831,0.89716,1,0.0202717,0.062253,0.0576926,0.266417,520,1839,1946,-0.0474948
spokane-flash,standard,900,29405,4.80395e-05,0.00364045,0.0165046,0.134331,-0.303962,0.749668,1,0.0221753,0.0606242,0.0464827,0.273899,514,2043,2182,-0.0310687
columbia-peak,standard,1800,29405,0.0002656,0.00588793,0.0261558,0.259854,-0.231729,3.90804,1,0.0382466,0.151312,0.130964,0.471552,911,5204,5314,-0.094153
snake-peak,standard,1800,29405,0.000256456,0.00693057,0.0312154,0.267744,0.0728788,2.74072,1,0.042842,0.153296,0.126616,0.497262,783,3989,4043,-0.239633
willamette-peak,standard,1800,29405,0.000251539,0.00728528,0.0331548,0.254344,-0.323074,1.69828,1,0.0408915,0.1253,0.115364,0.439177,492,2137,1946,-0.0594233
spokane-flash,standard,1800,29405,0.000381559,0.00722889,0.0334159,0.260194,-0.19194,1.41595,1,0.0447148,0.12202,0.0927445,0.443768,498,2602,2182,-0.0323205
columbia-peak,standard,3600,29405,0.00331062,0.0164055,0.0744184,0.487638,1.08893,6.99731,1,0.0759456,0.300307,0.258708,0.605237,777,6659,5314,-0.489394
snake-peak,standard,3600,29405,0.00400168,0.0195561,0.0916541,0.500187,0.744805,5.10842,1,0.0851547,0.303835,0.250596,0.633566,688,6091,4043,-0.321019
willamette-peak,standard,3600,29405,0.00384,0.0193167,0.0879798,0.475327,-0.352423,2.79473,1,0.0812319,0.249184,0.228648,0.599184,427,3175,1946,-0.357568
spokane-flash,standard,3600,29405,0.00485424,0.0190158,0.0871073,0.490121,0.115082,2.75457,1,0.0887506,0.242083,0.183697,0.603809,452,4451,2182,-0.255778
columbia-peak,substeps,60,29405,0.124488,0.155441,0.378376,0.679136,3.08954,30.8067,251,0.217249,0.578166,0.184748,0.831355,0,0,5314,0
snake-peak,substeps,60,29405,0.142892,0.175458,0.429836,0.682299,-1.9057,21.4636,150.8,0.235404,0.604582,0.176715,0.855059,0,0,4043,0
willamette-peak,substeps,60,29405,0.134937,0.156094,0.363173,0.649753,-1.46074,14.7567,67,0.225652,0.506379,0.153216,0.861248,0,0,1946,0
spokane-flash,substeps,60,29405,0.169273,0.197407,0.440308,0.683455,4.22527,16.7025,22,0.246115,0.603906,0.135943,0.876654,0,0,2182,0
columbia-peak,substeps,600,29405,0.0923799,0.110216,0.258889,0.612923,1.97599,23.1659,157,0.160652,0.390714,0.0899402,0.625132,0,0,5314,0
snake-peak,substeps,600,29405,0.105519,0.124608,0.289618,0.619793,-1.82421,16.1205,102,0.172025,0.421074,0.0843771,0.664105,0,0,4043,0
willamette-peak,substeps,600,29405,0.0972139,0.111718,0.263071,0.573372,-1.36021,11.4201,19,0.163989,0.366753,0.0757829,0.654583,0,0,1946,0
spokane-flash,substeps,600,29405,0.12249,0.140116,0.303166,0.622615,2.44302,12.174,10,0.180566,0.42327,0.0681037,0.688828,0,0,2182,0
columbia-peak,substeps,1800,29405,0.0573997,0.0698913,0.174953,0.522496,1.07999,14.9969,22,0.112867,0.253917,0.107777,0.544873,3,528,5314,-0.0526049
snake-peak,substeps,1800,29405,0.0665176,0.0791152,0.188578,0.536473,-1.71804,10.4661,22,0.121532,0.268565,0.107155,0.585037,7,547,4043,-0.0431302
willamette-peak,substeps,1800,29405,0.0622596,0.0724255,0.178101,0.473559,-0.312328,7.45873,8,0.114147,0.240942,0.0922894,0.533787,3,435,1946,-0.0210734
spokane-flash,substeps,1800,29405,0.0754265,0.0874957,0.199321,0.533005,1.27182,8.17208,5,0.12542,0.272416,0.0779561,0.569495,3,688,2182,-0.021323
