river,negative_share,too_short,negative_hours,lowest_m3s,worst_year,k_s,length_m,order,area_km2
720047025,0.116391,True,62484,-0.0586827,2013,686,343.2,2,9.74855
720118664,0.0353671,True,9901,-2.31172,2018,888,444,2,19.5241
720073253,0.032412,True,55052,-0.727328,2014,1199,599.5,2,11.0776
720106467,0.0217921,True,3388,-1.53898,2006,555,277.4,2,11.1598
720059363,0.0181827,True,52226,-0.453873,2014,1449,724.4,2,11.4446
720073081,0.0122743,True,28243,-0.0995106,2005,1608,804,2,11.7501
720053323,0.00996409,True,40714,-0.144757,2005,1744,871.9,2,9.4159
720093112,0.00662033,True,18355,-0.673586,2009,1430,715.2,2,11.1002
720156373,0.00393874,True,7663,-0.242407,2009,1731,865.5,2,11.9186
720168280,0.00287607,True,2837,-0.199049,2015,1674,837.2,2,8.80985
720162103,0.00282324,True,29173,-0.00663151,2013,2120,1059.9,2,23.5773
720084631,0.00137617,True,475,-0.844999,2003,1418,709,2,13.5798
720088520,0.00128614,True,415,-0.280787,2004,1464,732,2,9.41516
