treatment,dt,class,river_years,peak_error_median,peak_error_abs_mean,peak_error_p05,peak_error_p95,same_event_share,timing_moved_share,timing_mean_h,timing_abs_mean_h,timing_abs_p95_h,volume_error_abs_mean,volume_error_abs_max,volume_error_mean,river_years_negative,negative_hours,excess_negative_hours,negative_share_max,river_years_oscillating,oscillation_hours,excess_oscillation_hours,variation_ratio_median,variation_ratio_p99
standard,30,too long,587860,0,2.1536e-08,0,0,1,5.78369e-05,3.40217e-06,5.78369e-05,0,6.29739e-09,2.53196e-06,-1.7616e-09,23868,587397,0,0.00250349,452657,5.56271e+06,15,1,1
standard,30,valid,240,-2.35217e-07,8.03285e-06,-1.92839e-05,1.33081e-05,1,0.00833333,0.00833333,0.00833333,0,2.28417e-07,3.18895e-06,1.13796e-08,9,80,0,3.40856e-09,117,550,11,1,1.00003
standard,60,too long,587580,5.29923e-07,0.000154369,-0.000414214,0.000328811,0.999726,0.00463043,-0.00408056,0.00794833,0,2.21983e-05,0.000283902,9.64125e-07,23863,586416,-981,0.00250903,452656,5.74613e+06,186001,1,1.00056
standard,60,valid,440,2.87847e-06,6.32838e-05,-0.000147408,0.000144161,1,0.0227273,-0.0136364,0.0227273,0,2.6201e-05,5.73583e-05,2.34278e-07,9,80,0,3.41939e-09,261,3072,62,1.00001,1.00141
standard,60,too short,80,1.79363e-05,4.27486e-05,-3.36645e-05,0.000131213,1,0.025,0,0.025,0,3.92553e-05,9.48748e-05,2.36566e-05,0,0,0,0,29,96,1,1.00001,1.0001
standard,300,too long,582860,2.75332e-06,0.00126942,-0.00327193,0.00315919,0.997607,0.0403223,-0.03739,0.0704342,0,2.10732e-05,0.00124899,-1.74895e-07,23424,572506,-8725,0.00255204,451953,7.38291e+06,1.85492e+06,1.00007,1.00655
standard,300,valid,4520,-1.78986e-06,0.000385897,-0.000656006,0.000768054,0.999558,0.0409473,-0.0181496,0.0628597,0,2.47278e-05,0.000147272,-5.55385e-06,252,6037,-129,4.40015e-05,2600,30974,0,1.00002,1.01568
standard,300,too short,720,1.58907e-06,0.000465889,-0.000970235,0.000944885,1,0.0416667,-0.0388889,0.0416667,0,2.91187e-05,0.000112525,-5.64644e-06,9,83,3,3.49144e-09,392,4988,713,1.00004,1.00861
standard,600,too long,575480,1.92628e-05,0.00257464,-0.0057716,0.00721603,0.995129,0.0850619,-0.0791231,0.145405,1,2.43607e-05,0.00259882,-2.68529e-07,22815,556418,-20499,0.00260596,452111,9.64483e+06,4.24408e+06,1.00035,1.01699
standard,600,valid,10520,6.42775e-06,0.00175075,-0.00163655,0.00415751,0.996863,0.0812434,-0.0800992,0.125107,1,2.77446e-05,0.000584882,-5.66449e-06,403,7721,-269,4.46765e-05,6623,173969,21483,1.0001,1.04652
standard,600,too short,2100,1.45688e-05,0.000718218,-0.00151606,0.00191443,0.999048,0.0795996,-0.0638704,0.0981888,1,2.76841e-05,0.000301494,-3.77463e-06,97,2534,-36,1.02854e-05,1264,11664,1666,1.00009,1.01386
standard,900,too long,566840,4.88758e-05,0.00381002,-0.00714279,0.0119838,0.992966,0.130084,-0.123583,0.217334,1,2.78611e-05,0.0039365,2.1149e-07,22192,540773,-30379,0.00267582,453454,1.20211e+07,6.74352e+06,1.0009,1.02995
standard,900,valid,17680,1.7374e-05,0.0030827,-0.0021791,0.00893052,0.995362,0.117797,-0.121093,0.191556,1,2.83694e-05,0.000961617,-3.40843e-06,607,12148,-164,0.000705369,11476,343165,78747,1.00038,1.07752
standard,900,too short,3580,1.40264e-05,0.00110174,-0.00154221,0.00259745,0.998324,0.119194,-0.0895355,0.149972,1,2.9385e-05,0.000453726,-7.19509e-06,155,3878,-135,4.48658e-05,2023,29281,7997,1.00018,1.03012
standard,1800,too long,496040,0.000505747,0.00740898,-0.00631457,0.0308707,0.987527,0.262858,-0.243908,0.420908,1,3.97075e-05,0.00787715,1.74046e-06,19471,464384,-64114,0.00292863,424020,1.79368e+07,1.35951e+07,1.00433,1.07022
standard,1800,valid,83280,0.000104006,0.00856578,-0.0028761,0.0394227,0.987644,0.246635,-0.239499,0.387314,1,3.57993e-05,0.00545348,-1.01169e-06,2320,43552,-6963,0.000704983,59564,2.36131e+06,1.22336e+06,1.00246,1.13755
standard,1800,too short,8780,4.63172e-05,0.00314428,-0.00215638,0.00860595,0.994647,0.24104,-0.237375,0.33654,1,3.47687e-05,0.00147812,-4.2973e-06,431,82114,73650,0.0180944,5487,153293,69644,1.00121,1.13364
standard,3600,too long,245120,0.00658774,0.0189075,-0.000760923,0.0844033,0.978982,0.506534,-0.463862,0.757884,1,7.21938e-05,0.0130463,5.38166e-06,11903,276387,-61572,0.00347999,230272,1.53858e+07,1.3549e+07,1.02205,1.14474
standard,3600,valid,321720,0.00340994,0.0227356,-0.00113415,0.117885,0.975214,0.476369,-0.441328,0.754964,1,5.65976e-05,0.0155215,2.32606e-06,6278,133778,-99415,0.00044938,278222,1.74225e+07,1.39817e+07,1.01475,1.2522
standard,3600,too short,21260,0.000621376,0.0152628,-0.00112516,0.0647184,0.98476,0.454337,-0.430073,0.682174,1,4.99201e-05,0.00390377,-2.14099e-06,1360,431389,415064,0.228294,15796,2.73597e+06,2.45027e+06,1.00754,1.52886
substeps,60,too long,587580,0.149884,0.178883,0.033054,0.415057,0.907349,0.642141,0.381819,2.84113,12,0.000108386,0.0432997,4.8654e-06,0,0,-587397,0,556598,1.15315e+07,5.97142e+06,1.34727,2.8784
substeps,60,valid,440,0.103652,0.11855,0.0151167,0.257232,0.927273,0.840686,0.892157,4.60294,17.65,4.36316e-05,0.000932783,-6.08462e-06,0,0,-80,0,365,8337,5327,1.602,2.26858
substeps,60,too short,80,0.140614,0.134673,0.0331553,0.244037,0.875,0.942857,1.52857,5.07143,13.55,0.000119162,0.00117161,-4.39655e-06,0,0,0,0,55,461,366,1.71246,2.35265
substeps,600,too long,575480,0.111923,0.129278,0.0196538,0.289502,0.931676,0.577129,0.223625,2.19751,8,0.000103007,0.0434122,3.95977e-06,0,0,-576917,0,451941,4.98269e+06,-418061,1.24212,2.01685
substeps,600,valid,10520,0.0742936,0.0954735,0.00827082,0.255903,0.941255,0.717936,0.349323,3.10715,11.95,7.81993e-05,0.00720155,-4.18549e-06,0,0,-7990,0,6579,170331,17845,1.27673,2.04061
substeps,600,too short,2100,0.079934,0.0997572,0.0122823,0.252107,0.931429,0.771472,0.496421,3.32566,13,8.93393e-05,0.00780551,3.6857e-07,6,292,-2278,1.71772e-28,1187,9845,-153,1.28779,2.00843
substeps,1800,too long,496040,0.0761623,0.087587,0.0111667,0.19812,0.952022,0.491673,0.0204218,1.47594,4,0.000104774,0.0422719,5.2617e-06,78,13892,-514606,2.35386e-18,422024,1.14203e+07,7.0787e+06,1.15452,1.53364
substeps,1800,valid,83280,0.0432354,0.0559272,0.00217929,0.148903,0.960134,0.556728,-0.0564657,1.83343,6,7.22078e-05,0.0194269,-4.16721e-07,40,8709,-41806,8.61019e-17,59339,2.30327e+06,1.16532e+06,1.12145,1.48579
substeps,1800,too short,8780,0.0440023,0.0582507,0.00243506,0.158978,0.960706,0.655127,0.0244221,2.22715,8,7.57244e-05,0.00740877,-2.95499e-06,111,84472,76008,0.0180944,5131,142322,58673,1.14404,1.5227
