treatment,dt,reaches,subcycled_rivers,reach_steps_per_hour,wall_seconds,rivers_removed,work_vs_standard_1h
reference,30,29405,26,3534960,435.8,0,120.216
standard,30,29405,0,3528600,291.537,0,120
standard,60,29405,0,1764300,242.998,0,60
standard,300,29405,0,352860,210.029,0,12
standard,600,29405,0,176430,194.657,0,6
standard,900,29405,0,117620,193.215,0,4
standard,1800,29405,0,58810,191.729,0,2
standard,3600,29405,0,29405,188.515,0,1
substeps,60,1865869,0,111952140,2475.9,0,3807.25
substeps,600,199845,0,1199070,213.134,0,40.7778
substeps,1800,76666,0,153332,193.14,0,5.21449
