event,treatment,dt,class,rivers,peak_error_median,peak_error_abs_mean,peak_error_p95,timing_moved_share,timing_mean_h,timing_abs_mean_h,timing_abs_p95_h,max_error_median,max_error_p95,alternating_p99,alternating_share,rivers_negative,negative_hours,reference_negative_hours,most_negative
columbia-peak,standard,30,too long,29393,0,2.1992e-08,0,3.40217e-05,3.40217e-05,3.40217e-05,0,0,4.98659e-07,4.88592e-07,0,1011,5314,5314,-0.0759299
columbia-peak,standard,30,valid,12,1.30273e-06,1.18004e-05,5.20505e-05,0,0,0,0,0.000124661,0.000354992,0.000141179,0,0,0,0,0
snake-peak,standard,30,too long,29393,0,2.48028e-08,0,3.40217e-05,-3.40217e-05,3.40217e-05,0,0,5.72484e-07,5.42297e-07,0,862,4043,4043,-0.173656
snake-peak,standard,30,valid,12,7.92012e-07,7.27613e-06,2.99673e-05,0,0,0,0,0.000109177,0.000427482,0.000358787,0,0,0,0,0
willamette-peak,standard,30,too long,29393,0,1.95983e-08,0,3.40217e-05,3.40217e-05,3.40217e-05,0,0,5.1462e-07,7.126e-07,0,544,1946,1946,-0.0336678
willamette-peak,standard,30,valid,12,2.24304e-07,7.25768e-06,2.74883e-05,0,0,0,0,0.00015861,0.000873516,0.000368023,0,0,0,0,0
spokane-flash,standard,30,too long,29393,0,2.0358e-08,0,3.40217e-05,-3.40217e-05,3.40217e-05,0,0,4.00347e-07,2.98126e-07,0,550,2182,2182,-0.0289613
spokane-flash,standard,30,valid,12,1.58543e-06,7.00736e-06,2.54012e-05,0,0,0,0,0.000131184,0.000412269,0.00016161,0,0,0,0,0
columbia-peak,standard,60,too long,29379,1.31202e-06,0.000124567,0.000509908,0.00558222,0.0111644,0.132612,0,0.000661412,0.00262844,0.00230097,0,1009,5306,5314,-0.0763483
columbia-peak,standard,60,valid,22,-4.1593e-06,5.77658e-05,0.0002464,0,0,0,0,0.000371974,0.00146969,0.000577117,0,0,0,0,0
columbia-peak,standard,60,too short,4,1.80668e-05,3.32935e-05,5.89255e-05,0,0,0,0,0.000348868,0.00074712,0.000170487,0,0,0,0,0
snake-peak,standard,60,too long,29379,-9.13899e-08,0.000144912,0.000627723,0.00507165,0.00864563,0.0527588,0,0.000739628,0.00266689,0.00223512,0,863,4037,4043,-0.174891
snake-peak,standard,60,valid,22,8.7256e-06,7.70102e-05,0.000310678,0,0,0,0,0.000358762,0.00188455,0.000908842,0,0,0,0,0
snake-peak,standard,60,too short,4,3.2472e-05,6.24618e-05,0.00013406,0,0,0,0,0.000227079,0.000359364,2.91308e-05,0,0,0,0,0
willamette-peak,standard,60,too long,29379,-1.00551e-07,0.000151145,0.000645289,0.00534395,-0.00803295,0.0647401,0,0.000709122,0.00217432,0.00202242,0,543,1946,1946,-0.0341831
willamette-peak,standard,60,valid,22,-4.90388e-06,6.42159e-05,0.000212051,0,0,0,0,0.000500733,0.00147901,0.000839417,0,0,0,0,0
willamette-peak,standard,60,too short,4,2.67506e-05,4.22463e-05,6.59209e-05,0,0,0,0,0.000360715,0.00134092,0.000206381,0,0,0,0,0
spokane-flash,standard,60,too long,29379,-6.07586e-07,0.000148328,0.000640156,0.00496954,-0.0181762,0.0249158,0,0.000770254,0.00211759,0.00163193,0,549,2177,2182,-0.0290472
spokane-flash,standard,60,valid,22,1.67093e-05,5.71804e-05,0.000225412,0.0454545,-0.0454545,0.0454545,0,0.000345911,0.00159574,0.00116822,0,0,0,0,0
spokane-flash,standard,60,too short,4,1.10508e-05,2.83416e-05,6.1365e-05,0,0,0,0,0.000265604,0.000482964,2.8057e-05,0,0,0,0,0
columbia-peak,standard,300,too long,29143,4.23672e-06,0.00100175,0.00441898,0.0418969,-0.0957005,0.852658,0,0.00595995,0.023638,0.0206176,0.0761075,987,5170,5239,-0.0795272
columbia-peak,standard,300,valid,226,-7.13221e-06,0.000361272,0.00139361,0.0176991,-0.0176991,0.0176991,0,0.00240024,0.0112908,0.0149411,0.0132743,13,77,75,-0.000454576
columbia-peak,standard,300,too short,36,1.37331e-05,0.000318708,0.00153613,0.0833333,-0.0833333,0.0833333,1,0.00192772,0.010447,0.00554888,0,0,0,0,0
snake-peak,standard,300,too long,29143,-2.1977e-06,0.00118551,0.00547018,0.0418282,-0.100848,0.588649,0,0.00667759,0.0239618,0.0199862,0.0878084,850,3936,3992,-0.184585
snake-peak,standard,300,valid,226,-5.78935e-06,0.000325131,0.00104547,0.0221239,-0.0221239,0.0221239,0,0.00232537,0.0142933,0.0129285,0.0265487,9,51,51,-0.000642853
snake-peak,standard,300,too short,36,7.07512e-06,0.00031258,0.00154801,0.0277778,-0.0277778,0.0277778,0,0.00162193,0.0156775,0.0114517,0.0277778,0,0,0,0
willamette-peak,standard,300,too long,29143,-1.17971e-06,0.00124751,0.00569028,0.0399753,-0.0202107,0.312631,0,0.00636903,0.0195177,0.0181219,0.04749,528,1911,1914,-0.0382541
willamette-peak,standard,300,valid,226,8.41973e-06,0.000340486,0.00163501,0.0530973,-0.0575221,0.0575221,0.75,0.00319073,0.0115159,0.0113936,0.0132743,11,32,32,-1.2404e-05
willamette-peak,standard,300,too short,36,-2.80185e-05,0.000453881,0.00176537,0.0277778,-0.0277778,0.0277778,0,0.00258502,0.0124788,0.0104707,0.0277778,0,0,0,0
spokane-flash,standard,300,too long,29143,8.32306e-07,0.00121761,0.00549337,0.0433037,-0.0668428,0.236832,0,0.00697108,0.0189975,0.0146232,0.0351028,533,2104,2147,-0.0297104
spokane-flash,standard,300,valid,226,-1.37174e-05,0.000286334,0.00104551,0.0309735,-0.0309735,0.0309735,0,0.0027008,0.0101887,0.00765343,0.00442478,5,34,35,-0.000821953
spokane-flash,standard,300,too short,36,2.37553e-05,0.000373587,0.00157071,0.0277778,-0.0277778,0.0277778,0,0.00200339,0.0111535,0.00695022,0,0,0,0,0
columbia-peak,standard,600,too long,28774,1.65258e-05,0.00203981,0.00910931,0.0863627,-0.25947,1.70501,1,0.0126369,0.0498421,0.0432003,0.226211,960,5044,5212,-0.0831332
columbia-peak,standard,600,valid,526,7.72902e-06,0.00129339,0.00527968,0.0836502,-0.13308,0.13308,1,0.00588052,0.0366459,0.0481179,0.10076,15,86,86,-0.000463873
columbia-peak,standard,600,too short,105,1.46907e-05,0.000639504,0.00285013,0.0571429,-0.0571429,0.0571429,0.8,0.00586773,0.0232245,0.0155515,0.0380952,4,16,16,-0.000236806
snake-peak,standard,600,too long,28774,8.64166e-06,0.00240347,0.0110346,0.0867102,0.0147703,1.21189,1,0.0141332,0.0503988,0.0418763,0.253388,820,3830,3958,-0.196313
snake-peak,standard,600,valid,526,8.93467e-06,0.00169645,0.0059954,0.0836502,0.3327,0.587452,1,0.00631467,0.0376511,0.0391078,0.0988593,14,59,57,-0.000663404
snake-peak,standard,600,too short,105,1.43785e-05,0.000547513,0.00295483,0.047619,-0.047619,0.047619,0,0.00543084,0.0285506,0.0236421,0.0571429,5,27,28,-0.00015115
willamette-peak,standard,600,too long,28774,6.72144e-06,0.00255241,0.0114523,0.0828178,-0.0726003,0.607667,1,0.0135047,0.0410853,0.0379939,0.163898,518,1843,1895,-0.0430277
willamette-peak,standard,600,valid,526,1.18047e-05,0.00134292,0.00436361,0.0893536,-0.21673,0.231939,1,0.00745932,0.0303679,0.0401617,0.0760456,10,37,36,-4.32789e-05
willamette-peak,standard,600,too short,105,1.16727e-05,0.000995454,0.0044829,0.047619,-0.047619,0.047619,0,0.00674526,0.0247541,0.0263188,0.047619,4,14,15,-8.94182e-06
spokane-flash,standard,600,too long,28774,1.94835e-05,0.00248764,0.0112153,0.089699,-0.179746,0.54306,1,0.0147521,0.0399576,0.0306476,0.165288,521,2049,2145,-0.0304432
spokane-flash,standard,600,valid,526,-1.71785e-06,0.00136489,0.00746078,0.0779468,-0.939163,0.939163,1,0.00637476,0.0340564,0.0266071,0.0893536,5,25,30,-0.000839443
spokane-flash,standard,600,too short,105,-1.44256e-05,0.000665095,0.00303196,0.047619,-0.047619,0.047619,0,0.00524355,0.0211413,0.00897871,0.00952381,1,7,7,-0.000154299
columbia-peak,standard,900,too long,28342,4.09446e-05,0.00301053,0.0134718,0.130689,-0.394679,2.44259,1,0.0193577,0.0759421,0.065408,0.324007,928,4891,5166,-0.0863645
columbia-peak,standard,900,valid,884,2.35566e-05,0.00271101,0.00926308,0.108597,0.207014,1.28394,1,0.00923327,0.0573947,0.0933661,0.161765,25,114,112,-0.00108737
columbia-peak,standard,900,too short,179,8.12115e-06,0.0010536,0.00342366,0.0837989,-0.0837989,0.0837989,1,0.00749284,0.0353397,0.0347479,0.0782123,7,37,36,-0.000433801
snake-peak,standard,900,too long,28342,3.01957e-05,0.00354176,0.016372,0.131642,-0.0340837,1.7243,1,0.0216794,0.0766047,0.0633161,0.350152,804,3726,3919,-0.207645
snake-peak,standard,900,valid,884,1.81754e-05,0.00330504,0.0121597,0.115385,0.168552,0.417421,1,0.0100822,0.0622793,0.0730617,0.161765,20,93,89,-0.0296975
snake-peak,standard,900,too short,179,6.78523e-06,0.00123714,0.00363261,0.128492,-0.206704,0.206704,1,0.00734738,0.0429328,0.0379885,0.100559,6,33,35,-0.000523521
willamette-peak,standard,900,too long,28342,2.67029e-05,0.00376904,0.0170469,0.126455,-0.102992,0.877038,1,0.0206915,0.0626289,0.0577301,0.27207,500,1762,1870,-0.0474948
willamette-peak,standard,900,valid,884,1.13356e-05,0.00262214,0.0080958,0.115385,-0.0644796,1.34955,1,0.011304,0.0524891,0.0643958,0.128959,13,57,57,-6.86262e-05
willamette-peak,standard,900,too short,179,1.83698e-05,0.0010818,0.00606514,0.134078,1.58101,1.84916,1,0.0102553,0.0372563,0.0389604,0.0502793,7,20,19,-1.23935e-05
spokane-flash,standard,900,too long,28342,5.22508e-05,0.00368523,0.016592,0.1351,-0.277468,0.739891,1,0.0225714,0.0607099,0.0463857,0.279515,505,2001,2137,-0.0310687
spokane-flash,standard,900,valid,884,1.59297e-05,0.00281289,0.0126313,0.116516,-1.19457,1.19457,1,0.0107468,0.0593351,0.0581173,0.141403,6,21,24,-0.000571226
spokane-flash,standard,900,too short,179,-1.92752e-05,0.000863549,0.00345918,0.100559,-0.100559,0.100559,1,0.0076512,0.0310707,0.0252721,0.0391061,3,21,21,-0.000846576
columbia-peak,standard,1800,too long,24802,0.000339658,0.0057259,0.0257788,0.263406,-0.389767,3.82102,1,0.0411318,0.152508,0.127505,0.500726,803,4151,4730,-0.094153
columbia-peak,standard,1800,valid,4164,9.83019e-05,0.00714882,0.0312165,0.242555,0.714457,4.80812,1,0.0233689,0.149299,0.166517,0.323967,89,429,484,-0.00117586
columbia-peak,standard,1800,too short,439,4.31036e-05,0.0028257,0.011036,0.223235,-0.277904,0.287016,1,0.0171198,0.0839028,0.0912407,0.223235,19,624,100,-0.0526049
snake-peak,standard,1800,too long,24802,0.000342896,0.00680186,0.0309218,0.271752,-0.0107249,2.72454,1,0.0459009,0.15402,0.12448,0.52657,703,3236,3690,-0.239633
snake-peak,standard,1800,valid,4164,8.19615e-05,0.00807995,0.0400847,0.247839,0.50024,2.98871,1,0.0259936,0.151349,0.149938,0.349183,64,256,290,-0.0242084
snake-peak,standard,1800,too short,439,3.38501e-05,0.00318716,0.0102315,0.230068,0.742597,1.30296,1,0.0162463,0.0953621,0.100997,0.246014,16,497,63,-0.0431302
willamette-peak,standard,1800,too long,24802,0.000333951,0.00727527,0.0332422,0.25635,-0.440811,1.80272,1,0.0435211,0.12538,0.113524,0.467785,428,1485,1703,-0.0594233
willamette-peak,standard,1800,valid,4164,8.51031e-05,0.00788209,0.0348088,0.243996,0.26561,1.08982,1,0.0277376,0.128447,0.14252,0.295149,48,167,193,-0.000713993
willamette-peak,standard,1800,too short,439,6.46736e-05,0.00223362,0.00861785,0.23918,0.744875,1.56948,1,0.0213914,0.0775219,0.0720091,0.189066,16,485,50,-0.0210734
spokane-flash,standard,1800,too long,24802,0.000512733,0.00731523,0.033593,0.262882,-0.14644,1.38731,1,0.0475011,0.120601,0.0887333,0.47222,454,1786,2034,-0.0323205
spokane-flash,standard,1800,valid,4164,0.000112942,0.00720209,0.0349203,0.24976,-0.458453,1.7111,1,0.0279228,0.132845,0.117198,0.304035,36,97,111,-0.00336685
spokane-flash,standard,1800,too short,439,5.02063e-05,0.00277781,0.0102324,0.207289,-0.234624,0.234624,1,0.0180462,0.0854829,0.0602684,0.161731,8,719,37,-0.021323
columbia-peak,standard,3600,too long,12256,0.0049497,0.0147576,0.0645475,0.499674,0.950718,6.28623,1,0.0883096,0.303645,0.231978,0.686847,501,2444,3071,-0.10399
columbia-peak,standard,3600,valid,16086,0.00248407,0.0178154,0.0869515,0.481412,1.338,7.72479,1,0.0682561,0.300809,0.286991,0.559617,227,1187,2095,-0.0377066
columbia-peak,standard,3600,too short,1063,0.000431968,0.0133275,0.0513945,0.443086,-1.08655,4.18721,1,0.0356549,0.239373,0.411354,0.354657,49,3028,148,-0.489394
snake-peak,standard,3600,too long,12256,0.0059743,0.017388,0.0751752,0.523499,0.149641,4.43424,1,0.100059,0.299746,0.219634,0.713283,455,1995,2464,-0.297635
snake-peak,standard,3600,valid,16086,0.00284071,0.0214164,0.115132,0.484832,1.11967,5.69582,1,0.0763187,0.310554,0.270525,0.589643,185,769,1455,-0.0269599
snake-peak,standard,3600,too short,1063,0.000611781,0.0157335,0.0607797,0.463782,1.93415,3.99247,1,0.0372759,0.239284,0.325748,0.379116,48,3327,124,-0.321019
willamette-peak,standard,3600,too long,12256,0.00617634,0.0189785,0.084596,0.497389,-0.826044,3.11178,1,0.0929867,0.247667,0.212393,0.67673,281,924,1191,-0.0798
willamette-peak,standard,3600,valid,16086,0.00269451,0.0200469,0.093995,0.460711,-0.0961084,2.57093,1,0.0741934,0.25225,0.245117,0.556322,112,390,679,-0.00217469
willamette-peak,standard,3600,too short,1063,0.000491834,0.0121648,0.0474772,0.442145,1.22954,2.52587,1,0.0448121,0.210411,0.248427,0.353716,34,1861,76,-0.357568
spokane-flash,standard,3600,too long,12256,0.00719233,0.0185774,0.0792805,0.515666,0.388055,2.79112,1,0.102142,0.232849,0.161231,0.681217,320,1168,1405,-0.026452
spokane-flash,standard,3600,valid,16086,0.00362955,0.0197246,0.0980614,0.473331,0.0278503,2.77695,1,0.0794099,0.249908,0.198939,0.561296,97,364,732,-0.00572111
spokane-flash,standard,3600,too short,1063,0.000659587,0.0133004,0.0731273,0.449671,-1.71214,1.99436,1,0.039728,0.232509,0.245922,0.354657,35,2919,45,-0.255778
columbia-peak,substeps,60,too long,29379,0.124585,0.155487,0.378448,0.679022,3.10613,30.812,251,0.217306,0.578222,0.184767,0.831648,0,0,5314,0
columbia-peak,substeps,60,valid,22,0.0873461,0.101486,0.215528,0.772727,-19.3182,28.5909,207.25,0.146395,0.326143,0.0885147,0.5,0,0,0,0
columbia-peak,substeps,60,too short,4,0.147968,0.131264,0.177579,1,4.5,4.5,9.8,0.162775,0.270374,0.0175966,0.5,0,0,0,0
snake-peak,substeps,60,too long,29379,0.142922,0.175515,0.430014,0.682154,-1.89741,21.4627,150.1,0.235469,0.604716,0.176758,0.855373,0,0,4043,0
snake-peak,substeps,60,valid,22,0.0872156,0.114801,0.219365,0.818182,-12.9545,25.8636,164.25,0.183027,0.372131,0.0913627,0.545455,0,0,0,0
snake-peak,substeps,60,too short,4,0.0972778,0.106487,0.16476,1,-2,3.5,6.4,0.158228,0.198443,0.0175564,0.25,0,0,0,0
willamette-peak,substeps,60,too long,29379,0.134969,0.15613,0.363216,0.649546,-1.4671,14.7537,67,0.22566,0.506497,0.153228,0.861466,0,0,1946,0
willamette-peak,substeps,60,valid,22,0.105601,0.12022,0.262356,0.909091,5.86364,20.5909,141.95,0.195695,0.335323,0.0904743,0.681818,0,0,0,0
willamette-peak,substeps,60,too short,4,0.0997988,0.094289,0.150536,0.75,5,5,11.1,0.16404,0.258789,0.0118748,0.25,0,0,0,0
spokane-flash,substeps,60,too long,29379,0.169313,0.19746,0.440453,0.683345,4.26042,16.6832,22,0.246179,0.604117,0.135951,0.876885,0,0,2182,0
spokane-flash,substeps,60,valid,22,0.138603,0.133921,0.194262,0.772727,-42.0455,44.5909,5.95,0.19901,0.332149,0.0667767,0.636364,0,0,0,0
spokane-flash,substeps,60,too short,4,0.176531,0.168095,0.183389,1,0.5,5.5,9.1,0.231879,0.28186,0.0184516,0.5,0,0,0,0
columbia-peak,substeps,600,too long,28774,0.0929767,0.110872,0.259618,0.610134,2.13891,23.2099,157.35,0.161517,0.392025,0.0904903,0.631125,0,0,5212,0
columbia-peak,substeps,600,valid,526,0.0620804,0.0810395,0.20416,0.730038,-7.68441,21.1179,62.25,0.117549,0.321393,0.0654022,0.359316,0,0,86,0
columbia-peak,substeps,600,too short,105,0.0692208,0.0857113,0.22069,0.790476,5.72381,21.3619,178.4,0.12265,0.370628,0.0541358,0.314286,0,0,16,0
snake-peak,substeps,600,too long,28774,0.106234,0.125268,0.289883,0.616425,-1.79982,16.1717,104.7,0.17299,0.421598,0.084638,0.670432,0,0,3958,0
snake-peak,substeps,600,valid,526,0.0656218,0.0947955,0.274701,0.756654,-2.73194,14.173,22.75,0.129399,0.367608,0.0573851,0.391635,0,0,57,0
snake-peak,substeps,600,too short,105,0.0708794,0.0991674,0.230176,0.857143,-3.9619,11.8476,49,0.141004,0.397471,0.0610621,0.295238,0,0,28,0
willamette-peak,substeps,600,too long,28774,0.0979944,0.112322,0.26438,0.570411,-1.38125,11.3417,18,0.164788,0.368178,0.0765003,0.660909,0,0,1895,0
willamette-peak,substeps,600,valid,526,0.0620682,0.0827604,0.215023,0.703422,-1.50951,15.6312,36.5,0.134062,0.287931,0.0495122,0.363118,0,0,36,0
willamette-peak,substeps,600,too short,105,0.0660521,0.0930591,0.235648,0.733333,5.15238,11.819,35.6,0.141279,0.347606,0.0490556,0.380952,0,0,15,0
spokane-flash,substeps,600,too long,28774,0.123467,0.140907,0.30347,0.619205,2.51387,12.0395,10,0.181513,0.424202,0.0682995,0.695107,0,0,2145,0
spokane-flash,substeps,600,valid,526,0.0839714,0.104402,0.262346,0.775665,3.8327,12.9125,15.75,0.135274,0.379165,0.0419497,0.412548,0,0,30,0
spokane-flash,substeps,600,too short,105,0.0865292,0.109252,0.252773,0.790476,-23.9333,45.3429,352.6,0.143518,0.381506,0.0402931,0.352381,0,0,7,0
columbia-peak,substeps,1800,too long,24802,0.0620165,0.0739065,0.178842,0.513749,1.1189,15.4033,23,0.119095,0.25832,0.0963664,0.581929,0,0,4730,0
columbia-peak,substeps,1800,valid,4164,0.0352784,0.0489428,0.131118,0.565082,1.37056,13.188,17.85,0.0812955,0.218237,0.167047,0.354947,0,0,484,0
columbia-peak,substeps,1800,too short,439,0.0369614,0.0505884,0.12909,0.612756,-3.87472,9.19134,6,0.0785896,0.226108,0.0807251,0.252847,3,528,100,-0.0526049
snake-peak,substeps,1800,too long,24802,0.0724725,0.0839635,0.192193,0.526691,-1.76002,10.6836,23,0.128081,0.27503,0.0989082,0.624627,1,13,3690,-1.06132e-35
snake-peak,substeps,1800,valid,4164,0.0389715,0.0532157,0.147888,0.579251,-1.4976,9.75744,20,0.0859572,0.22121,0.148883,0.381124,0,0,290,0
snake-peak,substeps,1800,too short,439,0.0437646,0.0575442,0.176241,0.683371,-1.43736,4.90433,7.1,0.080672,0.230459,0.0867427,0.28246,6,534,63,-0.0431302
willamette-peak,substeps,1800,too long,24802,0.0678409,0.0768846,0.182873,0.464156,-0.44315,7.72595,8,0.12075,0.246314,0.0862442,0.573301,0,0,1703,0
willamette-peak,substeps,1800,valid,4164,0.0358164,0.0481211,0.132241,0.512488,0.117915,5.6525,8,0.0846929,0.192953,0.142178,0.329011,0,0,193,0
willamette-peak,substeps,1800,too short,439,0.0409959,0.0532806,0.137212,0.635535,2.99772,9.49431,13,0.0869148,0.196106,0.0586012,0.243736,3,435,50,-0.0210734
spokane-flash,substeps,1800,too long,24802,0.0824177,0.0932048,0.204598,0.522539,1.54161,8.05221,5,0.133042,0.280598,0.0705127,0.611241,0,0,2034,0
spokane-flash,substeps,1800,valid,4164,0.0446968,0.0569365,0.14696,0.57877,0.191402,7.9988,5,0.090466,0.211996,0.117198,0.353506,0,0,111,0
spokane-flash,substeps,1800,too short,439,0.048067,0.0631031,0.16007,0.690205,-3.7221,16.5877,5.1,0.0867351,0.233033,0.051325,0.259681,3,688,37,-0.021323
