hydrofabric,dt_s,reaches,too_long,too_short,valid,too_long_pct,too_short_pct,valid_pct
TDX-Hydro,30,15940505,15864278,6584,69643,99.52180310473226,0.041303584798599545,0.43689331046914764
TDX-Hydro,60,15940505,15781483,34931,124091,99.00240299789749,0.21913358453825646,0.7784634175642491
TDX-Hydro,300,15940505,14959772,203047,777686,93.84754121654238,1.2737802221447816,4.878678561312832
TDX-Hydro,600,15940505,13806667,445254,1688584,86.61373651587576,2.793223928602011,10.593039555522237
TDX-Hydro,900,15940505,12615862,707264,2617379,79.14342738827911,4.436898329130727,16.41967428259017
TDX-Hydro,1800,15940505,9279137,1547918,5113450,58.211060440055064,9.710595743359448,32.07834381658549
TDX-Hydro,3600,15940505,4708727,3322998,7908780,29.539384103577646,20.84625298884822,49.61436290757413
TDX-Hydro,7200,15940505,1245311,6660080,8035114,7.812243087656257,41.780859514802074,50.40689739754167
TDX-Hydro,10800,15940505,379040,9301939,6259526,2.3778418563276382,58.35410484172239,39.26805330194997
RFS v3,30,4899534,4896596,112,2826,99.94003511354344,0.0022859316824824566,0.05767895477406627
RFS v3,60,4899534,4893214,1237,5083,99.87100814077421,0.025247299028846416,0.10374456019694935
RFS v3,300,4899534,4861259,7979,30296,99.21880325761593,0.16285222227256715,0.6183445201115045
RFS v3,600,4899534,4809989,17213,72332,98.17237720975096,0.35131912545152255,1.4763036647975094
RFS v3,900,4899534,4744329,27273,127932,96.83224976089562,0.556644774788786,2.6111054643155858
RFS v3,1800,4899534,4212630,62175,624729,85.98021771050063,1.2689982353423814,12.750784054156988
RFS v3,3600,4899534,2269488,155097,2474949,46.32048680547987,3.1655459478391212,50.51396724668101
RFS v3,7200,4899534,556018,686439,3657077,11.348385377058309,14.010291590996205,74.64132303194549
RFS v3,10800,4899534,153574,1719286,3026674,3.1344613589782213,35.09080659507619,61.77473204594559
HydroRIVERS,30,8477883,8477883,0,0,100.0,0.0,0.0
HydroRIVERS,60,8477883,8477755,0,128,99.99849018911915,0.0,0.0015098108808531564
HydroRIVERS,300,8477883,8427900,242,49741,99.41043064642435,0.0028544861966129987,0.5867148673790379
HydroRIVERS,600,8477883,7691821,3994,782068,90.72808624511568,0.047110817641621144,9.224802937242705
HydroRIVERS,900,8477883,7100373,16978,1360532,83.7517219805935,0.2002622588681632,16.048015760538334
HydroRIVERS,1800,8477883,5213463,296413,2968007,61.49486847129171,3.4963091611431767,35.00882236756511
HydroRIVERS,3600,8477883,2727147,1377510,4373226,32.16778292410971,16.248278019406495,51.58393905648379
HydroRIVERS,7200,8477883,839735,3262747,4375401,9.905008125259572,38.48539782867964,51.60959404606079
HydroRIVERS,10800,8477883,308724,4710387,3458772,3.641522299847733,55.56088707522857,40.7975906249237
MERIT-Basins,30,2939408,2938790,429,189,99.97897535830344,0.014594775546640685,0.006429866149918623
MERIT-Basins,60,2939408,2937350,449,1609,99.9299859019231,0.015275184663034189,0.05473891341385748
MERIT-Basins,300,2939408,2892075,4846,42487,98.38970976468731,0.16486312890214627,1.4454271064105426
MERIT-Basins,600,2939408,2819623,17501,102284,95.9248596996402,0.5953919973001366,3.479748303059664
MERIT-Basins,900,2939408,2737667,32108,169633,93.1366792224829,1.092328795458133,5.770991982058972
MERIT-Basins,1800,2939408,2471769,81627,386012,84.09070806094289,2.776987747192632,13.132304191864485
MERIT-Basins,3600,2939408,1942040,201619,795749,66.06908602004214,6.859170281907105,27.071743698050764
MERIT-Basins,7200,2939408,1129792,467503,1342113,38.43603882142254,15.90466515706564,45.659296021511814
MERIT-Basins,10800,2939408,648682,738034,1552692,22.068457322018585,25.108253090418206,52.82328958756321
