hydrofabric,order,reaches,velocity_m_s,length_median_m,length_mean_m,k_median_s
TDX-Hydro,1,8055532,0.4625,2648.5,3687.784455489718,5726.0
TDX-Hydro,2,3832889,0.5,3024.2,3991.2981533772563,6048.0
TDX-Hydro,3,2031962,0.5375,2870.6,3791.980094263574,5341.0
TDX-Hydro,4,1072909,0.575,2685.4,3571.360285914276,4670.0
TDX-Hydro,5,537796,0.6125,2585.95,3464.8843310474604,4222.0
TDX-Hydro,6,253674,0.65,2495.1,3358.364695238771,3839.0
TDX-Hydro,7,102311,0.6875,2400.7,3301.851688479245,3492.0
TDX-Hydro,8,36589,0.725,2448.6,3431.1408565415836,3377.0
TDX-Hydro,9,15769,0.7625,2383.8,3339.110159173061,3126.0
TDX-Hydro,10,1074,0.8,2797.25,3948.334636871509,3496.5
RFS v3,2,2472350,0.5,5121.7,6091.470143628531,10243.0
RFS v3,3,1210922,0.5375,4095.95,4916.277699141646,7620.0
RFS v3,4,643115,0.575,3945.8999999999996,4721.975534546698,6862.0
RFS v3,5,322741,0.6125,3858.9,4637.710637012341,6300.0
RFS v3,6,153888,0.65,3757.25,4542.98051569973,5780.0
RFS v3,7,62279,0.6875,3675.1,4509.983180526341,5346.0
RFS v3,8,23395,0.725,3746.4,4689.411553750801,5167.0
RFS v3,9,10028,0.7625,3759.7,4624.867481053052,4931.0
RFS v3,10,816,0.8,4135.0,5196.705147058824,5168.5
HydroRIVERS,1,4367076,0.4625,2910.0,4301.913399263031,6292.0
HydroRIVERS,2,2001402,0.5,3240.0,4480.99196962929,6480.0
HydroRIVERS,3,1044886,0.5375,2990.0,4088.961647490731,5563.0
HydroRIVERS,4,554340,0.575,2760.0,3703.9969332900387,4800.0
HydroRIVERS,5,286597,0.6125,2620.0,3470.435001064212,4278.0
HydroRIVERS,6,139860,0.65,2620.0,3444.4214929214927,4031.0
HydroRIVERS,7,54142,0.6875,2690.0,3494.152229322892,3913.0
HydroRIVERS,8,21989,0.725,2690.0,3522.460321069626,3710.0
HydroRIVERS,9,7231,0.7625,2460.0,3372.3260959756603,3226.0
HydroRIVERS,10,360,0.8,2700.0,3664.472222222222,3375.0
MERIT-Basins,1,1501905,0.4625,6539.429998592375,9170.846692938987,14139.0
MERIT-Basins,2,707746,0.5,7456.051773979817,9946.12758730461,14912.0
MERIT-Basins,3,376901,0.5375,7163.615627860531,9501.23333006821,13328.0
MERIT-Basins,4,195793,0.575,6742.864479787032,8943.218860556466,11727.0
MERIT-Basins,5,95477,0.6125,6313.80206102914,8419.571235566696,10308.0
MERIT-Basins,6,40379,0.65,5930.4067769446065,8124.961192134544,9124.0
MERIT-Basins,7,15040,0.6875,5657.9410438759605,7621.1850753516355,8230.0
MERIT-Basins,8,5335,0.725,5817.907847099772,7716.642128962607,8025.0
MERIT-Basins,9,832,0.7625,3221.717568298273,5769.414691788494,4225.5
