hydrofabric,dt_s,too_short,between_confluences,below_confluence_only,above_confluence_only,headwater,chain,zero_length,median_length_m
TDX-Hydro,30,6584,4991,1221,0,372,0,5477,0.0
TDX-Hydro,60,34931,19005,2006,0,13920,0,5477,15.0
TDX-Hydro,300,203047,101584,5698,0,95765,0,5477,49.5
TDX-Hydro,600,445254,217538,8907,0,218809,0,5477,101.6
TDX-Hydro,900,707264,342126,11288,0,353850,0,5477,152.3
TDX-Hydro,1800,1547918,745150,16975,0,785793,0,5477,302.8
TDX-Hydro,3600,3322998,1614904,26605,0,1681489,0,5477,595.8
TDX-Hydro,7200,6660080,3320210,41887,0,3297983,0,5477,1123.2
TDX-Hydro,10800,9301939,4694519,52852,0,4554568,0,5477,1547.6
RFS v3,30,112,105,7,0,0,0,0,10.1
RFS v3,60,1237,1115,122,0,0,0,0,16.0
RFS v3,300,7979,7200,703,47,0,29,0,56.6
RFS v3,600,17213,15643,1263,184,12,111,0,115.8
RFS v3,900,27273,24741,1768,410,51,303,0,174.7
RFS v3,1800,62175,54824,3504,1736,529,1582,0,361.5
RFS v3,3600,155097,121946,10154,8322,5658,9017,0,764.2
RFS v3,7200,686439,269155,105427,121864,61087,128906,0,2031.1
RFS v3,10800,1719286,416866,275590,390602,236434,399794,0,2641.9
HydroRIVERS,30,0,0,0,0,0,0,0,
HydroRIVERS,60,0,0,0,0,0,0,0,
HydroRIVERS,300,242,237,5,0,0,0,0,80.0
HydroRIVERS,600,3994,3577,114,0,303,0,0,170.0
HydroRIVERS,900,16978,14117,357,0,2504,0,0,240.0
HydroRIVERS,1800,296413,249786,4740,0,41887,0,0,460.0
HydroRIVERS,3600,1377510,732357,15648,0,629505,0,0,690.0
HydroRIVERS,7200,3262747,1628875,31359,0,1602513,0,0,1300.0
HydroRIVERS,10800,4710387,2353033,42030,0,2315324,0,0,1690.0
MERIT-Basins,30,429,0,0,0,429,0,302,0.0
MERIT-Basins,60,449,9,0,0,440,0,302,0.0
MERIT-Basins,300,4846,2828,318,0,1700,0,302,82.337696415274
MERIT-Basins,600,17501,7983,781,0,8737,0,302,114.874809626111
MERIT-Basins,900,32108,14418,1199,0,16491,0,302,180.789725175069
MERIT-Basins,1800,81627,37325,2332,0,41970,0,302,335.086701108586
MERIT-Basins,3600,201619,91794,4296,0,105529,0,302,652.357762667164
MERIT-Basins,7200,467503,216972,7458,0,243073,0,302,1255.792095929465
MERIT-Basins,10800,738034,349316,10146,0,378572,0,302,1828.0794616708417
