scenario,treatment,dt,class,rivers,peak_error_median,peak_error_p05,peak_error_p95,peak_error_abs_mean,timing_error_share,timing_error_median_h,timing_error_mean_h,timing_error_abs_mean_h,timing_error_abs_p95_h,volume_error_abs_mean,volume_error_abs_max,oscillating_share,oscillation_p99,oscillation_max,max_error_median,max_error_p95,dip_share,dip_max,rivers_with_negative_hours,negative_hours,negative_share_max,rivers_oscillating_hours
synthetic-burst,reference,30,too long,29393,0,0,0,0,0,0,0,0,0,0,0,0,0,0,0,0,0.00459293,0.303937,21,21,0.00232791,80
synthetic-burst,reference,30,valid,12,0,0,0,0,0,0,0,0,0,0,0,0,0,0,0,0,0,9.04794e-05,0,0,-0,0
synthetic-burst,standard,30,too long,29393,0,0,0,5.65184e-08,6.80434e-05,0,-6.80434e-05,6.80434e-05,0,3.52521e-09,2.8991e-06,0,1.58518e-06,0.00142621,0,5.47068e-07,0.00459293,0.303937,21,21,0.00232791,80
synthetic-burst,standard,30,valid,12,2.18841e-06,-0.000215756,1.08913e-05,4.34618e-05,0,0,0,0,0,3.44209e-06,8.40991e-06,0,0.00153675,0.001654,0.000811333,0.00209725,0,8.31432e-05,0,0,-0,0
synthetic-burst,standard,60,too long,29379,-5.4182e-05,-0.00278864,0.000271756,0.000726794,0.00357398,0,-0.00313149,0.00374417,0,2.12534e-05,0.000277431,0,0.00446905,0.00466134,0.00262601,0.00582793,0.00456108,0.305495,21,21,0.0023442,80
synthetic-burst,standard,60,valid,22,-1.68291e-06,-0.000270066,0.000355358,0.00020235,0,0,0,0,0,2.50525e-05,7.70743e-05,0,0.00424795,0.00427836,0.00199222,0.00663836,0,8.03956e-06,0,0,-0,0
synthetic-burst,standard,60,too short,4,3.02992e-05,-0.000110816,0.000140233,8.82864e-05,0,0,0,0,0,3.41119e-05,6.4766e-05,0,0.000786759,0.000788195,0.00132329,0.00270484,0,3.39038e-05,0,0,-0,0
synthetic-burst,standard,300,too long,29143,-0.000225435,-0.023693,0.00239926,0.00623519,0.0356518,0,-0.0332155,0.03699,0,1.93437e-05,0.000224677,0.502625,0.0399458,0.0416127,0.0237735,0.0522155,0.00442645,0.317649,22,22,0.00247124,66
synthetic-burst,standard,300,valid,226,-7.2437e-06,-0.00217339,0.00612067,0.00241098,0.0176991,0,-0.0176991,0.0176991,0,2.58614e-05,0.000156557,0.234513,0.0337547,0.0388174,0.0108314,0.0386658,0,1.07568e-05,0,0,-0,2
synthetic-burst,standard,300,too short,36,7.10462e-06,-0.00724144,0.0015827,0.00164155,0.0277778,0,-0.0277778,0.0277778,0,2.81351e-05,0.000126444,0.222222,0.0292779,0.0304556,0.0111416,0.0433478,0,3.57392e-06,0,0,-0,0
synthetic-burst,standard,600,too long,28774,-0.000344302,-0.0454833,0.00623991,0.0125381,0.0803156,0,-0.0756238,0.0831306,1,1.95375e-05,0.00022754,0.706193,0.083718,0.0870384,0.050538,0.109538,0.00413568,0.332006,21,21,0.00262126,63
synthetic-burst,standard,600,valid,526,1.63544e-05,-0.00786238,0.102184,0.00997183,0.0684411,0,-0.0779468,0.0779468,1,2.70575e-05,0.000184255,0.475285,0.079281,0.0818868,0.0286526,0.107722,0,7.37228e-06,0,0,-0,3
synthetic-burst,standard,600,too short,105,-9.58538e-06,-0.00706784,0.0056699,0.00355327,0.0380952,0,-0.0380952,0.0380952,0,2.48025e-05,0.000165715,0.466667,0.0634448,0.0709624,0.0261342,0.0871405,0,6.49498e-06,0,0,-0,0
synthetic-burst,standard,900,too long,28342,-0.000369096,-0.061313,0.0133934,0.0180416,0.1351,0,-0.12829,0.140569,1,1.94479e-05,0.000229558,0.801496,0.12672,0.131732,0.0779204,0.166035,0.00370475,0.345529,19,19,0.00276258,60
synthetic-burst,standard,900,valid,884,5.64493e-05,-0.00763698,0.165403,0.0169935,0.11991,0,-0.14819,0.14819,1,2.50455e-05,0.000182259,0.602941,0.126234,0.130254,0.0459842,0.172293,0,4.62189e-06,0,0,-0,3
synthetic-burst,standard,900,too short,179,-1.95681e-05,-0.00427185,0.00897849,0.00542827,0.100559,0,-0.100559,0.100559,1,2.74826e-05,0.000164019,0.558659,0.102849,0.107509,0.0354414,0.12541,0,4.95198e-06,0,0,-0,3
synthetic-burst,standard,1800,too long,24802,-0.000101017,-0.0713141,0.0992042,0.0275937,0.362027,0,-0.35223,0.374808,1,1.90606e-05,0.000228799,0.915934,0.231355,0.244835,0.167449,0.327058,0.00310459,0.382036,16,16,0.00314408,34
synthetic-burst,standard,1800,valid,4164,0.000271713,-0.019181,0.374331,0.0484788,0.280019,0,-0.314841,0.321085,1,2.2155e-05,0.000227887,0.801153,0.262335,0.262583,0.108951,0.384779,0,3.74469e-06,0,0,-0,20
synthetic-burst,standard,1800,too short,439,0.000176525,-0.00490892,0.076139,0.0196551,0.241458,0,-0.348519,0.348519,1,2.63873e-05,0.00017985,0.774487,0.236595,0.245442,0.0786869,0.286306,0,2.48452e-06,3,4,0.00759068,8
synthetic-burst,standard,3600,too long,12256,0.0257715,-0.002074,0.264784,0.0865808,0.699984,-1,-0.720953,0.720953,1,2.06364e-05,0.000229781,0.97438,0.353365,0.429519,0.397924,0.588738,0.00383486,0.444492,17,17,0.00379674,46
synthetic-burst,standard,3600,valid,16086,0.00733459,-0.00400895,0.547755,0.115133,0.577956,-1,-0.685441,0.686435,1,1.84906e-05,0.000230172,0.939637,0.520419,0.536717,0.284468,0.695036,0,0.00373628,0,0,-0,246
synthetic-burst,standard,3600,too short,1063,0.00208248,-0.00236799,0.746623,0.0904482,0.444026,0,-0.788335,0.788335,2,2.53953e-05,0.000181946,0.874882,0.651093,0.989428,0.165977,0.762911,0.00658514,0.289591,46,69,0.12315,241
synthetic-burst,substeps,30,too long,29393,0.410676,0.0141706,1.03792,0.453782,0.679243,1,1.49832,3.51363,9,2.54829e-05,0.000266084,0.999388,0.5649,1.85549,0.541927,1.27566,0,0.000557475,0,0,-0,3032
synthetic-burst,substeps,30,valid,12,0.344593,0.240327,0.61867,0.37637,0.916667,1.5,2.25,7.75,27,3.64994e-05,0.000120761,1,0.32167,0.334514,0.514983,0.816819,0,1.09525e-05,0,0,-0,3
synthetic-burst,substeps,60,too long,29379,0.38606,0.0138607,0.966654,0.422578,0.667075,1,1.47881,3.38657,9,2.09073e-05,0.00024678,0.993363,0.497407,1.31805,0.521545,1.19229,0,0.000273214,0,0,-0,1756
synthetic-burst,substeps,60,valid,22,0.343825,0.139077,0.702512,0.381511,0.909091,1.5,11.6818,13.7727,36.45,2.90823e-05,8.75594e-05,1,0.283694,0.284025,0.463224,0.773553,0,4.06761e-05,0,0,-0,6
synthetic-burst,substeps,60,too short,4,0.32354,0.193054,0.493159,0.33505,1,0,-2.75,7.75,15.35,3.74959e-05,9.89771e-05,1,0.161965,0.1645,0.410658,0.694724,0,1.58231e-05,0,0,-0,1
synthetic-burst,substeps,300,too long,29143,0.280786,0.0102432,0.671149,0.303487,0.624713,1,1.21494,2.62022,7,1.95845e-05,0.000232493,0.965927,0.292562,0.563723,0.426894,0.86533,0,4.68925e-05,0,0,-0,275
synthetic-burst,substeps,300,valid,226,0.245998,0.0632525,0.564932,0.267396,0.827434,1,0.473451,3.99558,12,2.71754e-05,0.000173515,0.880531,0.160731,0.168414,0.337926,0.72704,0,2.41395e-05,0,0,-0,6
synthetic-burst,substeps,300,too short,36,0.185014,0.0825723,0.446454,0.235674,0.861111,1.5,3.66667,10.1111,31.25,2.83762e-05,0.000144288,0.888889,0.208355,0.212983,0.320275,0.527909,0,8.70328e-06,0,0,-0,1
synthetic-burst,substeps,600,too long,28774,0.21863,0.00451725,0.506225,0.233126,0.610829,1,0.883124,2.05474,6,1.94551e-05,0.000235304,0.937722,0.210725,0.524238,0.35208,0.680388,0,1.94704e-05,0,0,-0,137
synthetic-burst,substeps,600,valid,526,0.166951,0.0560514,0.412002,0.190377,0.771863,1,-0.11597,4.43536,9.75,2.68235e-05,0.000180869,0.8327,0.132502,0.180051,0.259182,0.530876,0,1.67864e-05,0,0,-0,9
synthetic-burst,substeps,600,too short,105,0.178112,0.0678417,0.404279,0.206239,0.819048,1,0.752381,3.20952,7,2.44471e-05,0.000165802,0.866667,0.155128,0.162623,0.284024,0.533902,0,4.09183e-06,0,0,-0,1
synthetic-burst,substeps,900,too long,28342,0.177952,-0.00116413,0.408667,0.189582,0.60031,1,0.819138,1.78195,5,1.94545e-05,0.000230872,0.926964,0.182411,0.488195,0.290915,0.568367,0,1.22224e-05,0,0,-0,109
synthetic-burst,substeps,900,valid,884,0.147155,0.0255215,0.324362,0.157523,0.735294,1,-0.167421,3.41176,7,2.50511e-05,0.000183127,0.813348,0.138426,0.17976,0.216288,0.446783,0,1.28816e-05,0,0,-0,20
synthetic-burst,substeps,900,too short,179,0.147618,0.0524802,0.331326,0.165906,0.843575,1,1.04469,3.43575,7.1,2.73243e-05,0.000167166,0.810056,0.12766,0.140903,0.21668,0.448386,0,8.25329e-06,0,0,-0,1
synthetic-burst,substeps,1800,too long,24802,0.108056,-0.0139424,0.277473,0.12155,0.57959,0,0.659866,1.20797,4,1.90962e-05,0.00023012,0.950891,0.217029,0.379393,0.237279,0.407175,0,5.71548e-06,0,0,-0,63
synthetic-burst,substeps,1800,valid,4164,0.0932038,-0.0106877,0.374891,0.124079,0.67219,0,0.248799,1.91787,5,2.22328e-05,0.00022912,0.835495,0.262385,0.272363,0.179074,0.387518,0,4.93503e-06,0,0,-0,26
synthetic-burst,substeps,1800,too short,439,0.0941417,0.0148332,0.243285,0.109576,0.710706,1,0.0637813,3.01595,6.1,2.65221e-05,0.000182961,0.835991,0.236183,0.255894,0.158752,0.315521,0,4.3479e-06,3,4,0.00759068,7
synthetic-burst,substeps,3600,too long,12256,0.077022,-0.0364946,0.225863,0.0935534,0.833714,0,-0.00350849,1.09848,3,2.06461e-05,0.000230205,0.9867,0.274316,0.380637,0.399905,0.542341,0,3.35626e-06,0,0,-0,6
synthetic-burst,substeps,3600,valid,16086,0.0585549,-0.00649465,0.54779,0.140951,0.617556,0,-0.256558,0.952567,2,1.85048e-05,0.000230517,0.940321,0.520458,0.546355,0.283828,0.695148,0,3.41521e-06,0,0,-0,212
synthetic-burst,substeps,3600,too short,1063,0.0542874,0.000848769,0.746623,0.123302,0.571025,0,-0.247413,1.51552,4,2.54248e-05,0.000181979,0.886171,0.659524,0.989428,0.172363,0.762,0.00658514,0.279381,45,68,0.12315,238
synthetic-burst,substeps-xadj,30,too long,29393,-0.0415409,-0.135043,0.0329882,0.0545885,0.342769,0,0.173273,0.441772,1,0.00062569,0.0254385,0.792263,0.0958818,0.262208,0.0921758,0.159364,0,0.00786584,0,0,-0,47
synthetic-burst,substeps-xadj,30,valid,12,-0.00510542,-0.0316447,0.0291936,0.0159306,0.5,0,0.333333,0.5,1,0.00157427,0.00472425,0.333333,0.0334348,0.0351595,0.0295297,0.0520387,0,0.00112168,0,0,-0,0
synthetic-burst,substeps-xadj,60,too long,29379,-0.0419129,-0.135345,0.0307629,0.0543401,0.339766,0,0.170462,0.43657,1,0.000172973,0.00957242,0.792947,0.0967963,0.263276,0.0897256,0.159089,0,0.00344005,0,0,-0,47
synthetic-burst,substeps-xadj,60,valid,22,-0.00951184,-0.122939,0.00911284,0.0329761,0.545455,0,0.409091,0.681818,2,0.000214186,0.00126501,0.545455,0.0786397,0.0811143,0.036068,0.148732,0,0.000383738,0,0,-0,0
synthetic-burst,substeps-xadj,60,too short,4,-0.00807704,-0.0366648,0.00701319,0.0164593,0.5,0.5,0.5,0.5,1,0.000696785,0.0017254,0.25,0.0192994,0.0196788,0.0269394,0.0430674,0,0.00014071,0,0,-0,0
synthetic-burst,substeps-xadj,300,too long,29143,-0.0438785,-0.136443,0.0183553,0.0543747,0.322033,0,0.148784,0.415812,1,2.33243e-05,0.000374243,0.809731,0.103836,0.271236,0.0692963,0.158349,0,0.000237475,0,0,-0,42
synthetic-burst,substeps-xadj,300,valid,226,-0.0144318,-0.0799046,0.0114285,0.0269408,0.393805,0,0.221239,0.469027,1.75,3.66872e-05,0.000275548,0.584071,0.0512951,0.0583885,0.0421333,0.112051,0,7.91238e-05,0,0,-0,0
synthetic-burst,substeps-xadj,300,too short,36,-0.00497447,-0.111128,0.0177524,0.0280079,0.527778,0,-1.44444,2.44444,2,4.23831e-05,0.000274594,0.527778,0.083344,0.0884445,0.0320774,0.143504,0,9.8569e-05,0,0,-0,0
synthetic-burst,substeps-xadj,600,too long,28774,-0.047616,-0.138037,0.00611609,0.0556484,0.300167,0,0.116703,0.391117,1,1.98673e-05,0.00024245,0.85188,0.114382,0.280946,0.0721177,0.166089,0,6.5032e-05,0,0,-0,41
synthetic-burst,substeps-xadj,600,valid,526,-0.0111498,-0.087533,0.0925842,0.0325426,0.427757,0,0.0912548,0.574144,2,2.75639e-05,0.000169269,0.65019,0.0839711,0.0931135,0.049975,0.124609,0,4.64748e-05,0,0,-0,3
synthetic-burst,substeps-xadj,600,too short,105,-0.0158591,-0.104348,0.0090643,0.030418,0.419048,0,-0.295238,1.11429,2,2.57231e-05,0.000165447,0.72381,0.0907645,0.0973331,0.0490936,0.130433,0,2.27644e-05,0,0,-0,0
synthetic-burst,substeps-xadj,900,too long,28342,-0.0514698,-0.13923,0.00388065,0.0590929,0.288053,0,0.0808341,0.374815,1,1.94907e-05,0.000233365,0.883988,0.125249,0.289823,0.090554,0.183728,0,1.97053e-05,0,0,-0,40
synthetic-burst,substeps-xadj,900,valid,884,-0.0111097,-0.0912701,0.158499,0.038889,0.400452,0,-0.0271493,0.61991,1,2.51066e-05,0.000183555,0.718326,0.126658,0.133621,0.0639864,0.170016,0,1.90797e-05,0,0,-0,3
synthetic-burst,substeps-xadj,900,too short,179,-0.0133367,-0.0813448,0.0102116,0.0279982,0.396648,0,-0.139665,0.843575,2,2.78647e-05,0.000162639,0.715084,0.105716,0.114634,0.051425,0.149919,0,1.18209e-05,0,0,-0,1
synthetic-burst,substeps-xadj,1800,too long,24802,-0.0605793,-0.14514,0.0139784,0.0670717,0.303564,0,-0.0762439,0.375091,1,1.90865e-05,0.00022865,0.946577,0.17122,0.340159,0.161909,0.275175,0,7.91403e-06,0,0,-0,18
synthetic-burst,substeps-xadj,1800,valid,4164,-0.00905862,-0.0827923,0.374362,0.0656257,0.336695,0,-0.213256,0.527378,1,2.22477e-05,0.000227736,0.816282,0.262335,0.262583,0.113509,0.385389,0,7.51649e-06,0,0,-0,11
synthetic-burst,substeps-xadj,1800,too short,439,-0.00958482,-0.0814588,0.0794509,0.0369132,0.353075,0,-0.198178,0.649203,1.1,2.6464e-05,0.000181961,0.820046,0.236217,0.250584,0.0967821,0.282512,0,6.27566e-06,3,4,0.00759068,4
synthetic-burst,substeps-xadj,3600,too long,12256,-0.0260447,-0.128101,0.117322,0.0610038,0.615209,-1,-0.526028,0.662125,1,2.06414e-05,0.000230119,0.985313,0.266188,0.440847,0.384997,0.485707,0,2.34452e-06,0,0,-0,3
synthetic-burst,substeps-xadj,3600,valid,16086,-0.000162265,-0.0520116,0.54779,0.122263,0.508703,0,-0.649385,0.700361,1,1.85017e-05,0.000230435,0.939761,0.520414,0.537388,0.281964,0.695188,0,2.74476e-06,0,0,-0,205
synthetic-burst,substeps-xadj,3600,too short,1063,-0.000749777,-0.0523998,0.746623,0.0942559,0.363123,0,-0.796802,0.905927,3,2.54006e-05,0.000182094,0.88523,0.658403,0.989428,0.181632,0.756355,0.00658514,0.276507,46,69,0.12315,240
synthetic-burst,subcycles,60,too long,29379,-5.4177e-05,-0.00278864,0.000271756,0.000726794,0.00357398,0,-0.00319956,0.00374417,0,2.12538e-05,0.000277431,0,0.00446905,0.00466134,0.00262601,0.00582793,0.00456108,0.305495,21,21,0.0023442,80
synthetic-burst,subcycles,60,valid,22,-1.68291e-06,-0.000270055,0.000355358,0.00020234,0,0,0,0,0,2.50547e-05,7.71214e-05,0,0.00424795,0.00427836,0.00199222,0.00663836,0,8.03956e-06,0,0,-0,0
synthetic-burst,subcycles,60,too short,4,2.42532e-05,-0.000112009,0.000139072,8.54942e-05,0,0,0,0,0,3.44852e-05,6.45205e-05,0,0.000366769,0.000367806,0.000636989,0.00123046,0,3.48131e-05,0,0,-0,0
synthetic-burst,subcycles,300,too long,29143,-0.000225435,-0.023693,0.00239926,0.0062352,0.0356518,0,-0.0332155,0.03699,0,1.93441e-05,0.000224684,0.502625,0.0399458,0.0416127,0.0237735,0.0522155,0.00442645,0.317649,22,22,0.00247124,66
synthetic-burst,subcycles,300,valid,226,-8.47667e-06,-0.00217339,0.00612067,0.0024109,0.0176991,0,-0.0176991,0.0176991,0,2.58691e-05,0.00015656,0.234513,0.0337547,0.0388174,0.0108314,0.0386658,0,1.07568e-05,0,0,-0,2
synthetic-burst,subcycles,300,too short,36,-5.39377e-06,-0.002036,0.000690914,0.000698198,0,0,0,0,0,2.81376e-05,0.000126523,0.0833333,0.0131839,0.0133742,0.00258463,0.0193195,0,3.73201e-06,0,0,-0,0
synthetic-burst,subcycles,600,too long,28774,-0.00034588,-0.0454833,0.00623991,0.012538,0.0803156,0,-0.0756238,0.0831306,1,1.95369e-05,0.000227553,0.706228,0.083718,0.0870384,0.050538,0.109538,0.00413568,0.332006,21,21,0.00262126,63
synthetic-burst,subcycles,600,valid,526,1.29249e-05,-0.00786238,0.102184,0.00997043,0.0684411,0,-0.0779468,0.0779468,1,2.70531e-05,0.000184284,0.475285,0.079281,0.0818868,0.0286526,0.107722,0,7.37228e-06,0,0,-0,3
synthetic-burst,subcycles,600,too short,105,-1.92608e-05,-0.00127154,0.0023068,0.00141656,0.0190476,0,-0.0190476,0.0190476,0,2.48024e-05,0.000165818,0.190476,0.0248541,0.0335022,0.00997698,0.03528,0,7.01458e-06,0,0,-0,0
synthetic-burst,subcycles,900,too long,28342,-0.000373147,-0.061313,0.0133934,0.0180414,0.135065,0,-0.128255,0.140533,1,1.94505e-05,0.000229583,0.801496,0.12672,0.131732,0.0779204,0.166035,0.00370475,0.345529,19,19,0.00276258,60
synthetic-burst,subcycles,900,valid,884,5.56921e-05,-0.00763698,0.165403,0.0169903,0.11991,0,-0.14819,0.14819,1,2.50507e-05,0.000182585,0.602941,0.126234,0.130254,0.0459842,0.172293,0,4.95202e-06,0,0,-0,3
synthetic-burst,subcycles,900,too short,179,-4.56902e-05,-0.00174007,0.00286313,0.00200332,0.0223464,0,-0.0223464,0.0223464,0,2.74924e-05,0.00016453,0.268156,0.0407086,0.0497808,0.0124248,0.0539363,0,4.95198e-06,0,0,-0,2
synthetic-burst,subcycles,1800,too long,24802,-0.000135281,-0.0713141,0.0990739,0.0275912,0.362189,0,-0.352996,0.375494,1,1.90603e-05,0.000229225,0.915813,0.231355,0.244835,0.167306,0.327058,0.00310459,0.382036,16,16,0.00314408,35
synthetic-burst,subcycles,1800,valid,4164,0.000229133,-0.019107,0.374331,0.048485,0.279539,0,-0.314361,0.320605,1,2.21544e-05,0.000228358,0.801633,0.262335,0.262583,0.108951,0.384779,0,3.74469e-06,0,0,-0,20
synthetic-burst,subcycles,1800,too short,439,-0.00017515,-0.00530928,0.0206018,0.007955,0.0774487,0,-0.0865604,0.0911162,1,2.63863e-05,0.000179582,0.503417,0.114676,0.118091,0.0266729,0.114935,0,2.79508e-06,0,0,-0,3
synthetic-burst,subcycles,3600,too long,12256,0.0253319,-0.00239152,0.264627,0.0863702,0.69982,-1,-0.721035,0.721035,1,2.06371e-05,0.000229955,0.974054,0.353348,0.355667,0.397128,0.588716,0.00375326,0.444492,15,15,0.00379674,26
synthetic-burst,subcycles,3600,valid,16086,0.00682582,-0.00464259,0.547755,0.114809,0.578205,-1,-0.690601,0.691595,1,1.8498e-05,0.000230258,0.939326,0.520419,0.536717,0.283766,0.695036,0,0.000115768,0,0,-0,190
synthetic-burst,subcycles,3600,too short,1063,-0.000397757,-0.00887711,0.275422,0.0305063,0.157103,0,-0.220132,0.250235,1,2.54041e-05,0.000182316,0.739417,0.253781,0.260691,0.0650224,0.33483,0,3.96162e-06,0,0,-0,17
synthetic-burst,stabilized,30,too long,29393,0.410676,0.0141706,1.03792,0.453782,0.679243,1,1.49832,3.51363,9,2.54829e-05,0.000266084,0.999388,0.5649,1.85549,0.541927,1.27566,0,0.000557475,0,0,-0,3032
synthetic-burst,stabilized,30,valid,12,0.344593,0.240327,0.61867,0.37637,0.916667,1.5,2.25,7.75,27,3.64994e-05,0.000120761,1,0.32167,0.334514,0.514983,0.816819,0,1.09525e-05,0,0,-0,3
synthetic-burst,stabilized,60,too long,29379,0.38606,0.0138607,0.966654,0.422578,0.667075,1,1.47881,3.38657,9,2.09073e-05,0.00024678,0.993363,0.497407,1.31805,0.521545,1.19229,0,0.000273214,0,0,-0,1756
synthetic-burst,stabilized,60,valid,22,0.343825,0.139077,0.702512,0.381511,0.909091,1.5,11.6818,13.7727,36.45,2.90824e-05,8.75613e-05,1,0.283694,0.284025,0.463224,0.773553,0,4.06761e-05,0,0,-0,6
synthetic-burst,stabilized,60,too short,4,0.323248,0.193123,0.493387,0.335017,1,0,-2.75,7.75,15.35,3.72255e-05,9.86492e-05,1,0.162291,0.164828,0.410377,0.694882,0,1.37694e-05,0,0,-0,1
synthetic-burst,stabilized,300,too long,29143,0.280786,0.0102432,0.671149,0.303487,0.624713,1,1.21494,2.62022,7,1.95849e-05,0.000232494,0.965927,0.292562,0.563723,0.426894,0.86533,0,4.68925e-05,0,0,-0,275
synthetic-burst,stabilized,300,valid,226,0.245998,0.0632525,0.564932,0.267395,0.827434,1,0.473451,3.99558,12,2.71758e-05,0.00017351,0.880531,0.160731,0.168414,0.337926,0.72704,0,2.41395e-05,0,0,-0,6
synthetic-burst,stabilized,300,too short,36,0.185154,0.0796065,0.444724,0.23567,0.861111,1.5,3.66667,10.1111,31.25,2.84874e-05,0.000144357,0.916667,0.20707,0.210831,0.321773,0.527212,0,6.62488e-06,0,0,-0,1
synthetic-burst,stabilized,600,too long,28774,0.218616,0.00451725,0.506225,0.233123,0.610829,1,0.883054,2.05474,6,1.94552e-05,0.000235299,0.937722,0.210725,0.524238,0.35208,0.680388,0,1.94704e-05,0,0,-0,137
synthetic-burst,stabilized,600,valid,526,0.166951,0.0560396,0.412002,0.190367,0.771863,1,-0.11597,4.43536,9.75,2.68208e-05,0.000180894,0.8327,0.132502,0.180051,0.259136,0.530876,0,1.67864e-05,0,0,-0,9
synthetic-burst,stabilized,600,too short,105,0.177706,0.0469697,0.402989,0.20551,0.828571,2,0.819048,3.25714,7,2.44255e-05,0.000165923,0.857143,0.155195,0.161762,0.284839,0.536939,0,4.09183e-06,0,0,-0,1
synthetic-burst,stabilized,900,too long,28342,0.177948,-0.00116413,0.408667,0.189574,0.60031,1,0.819138,1.78195,5,1.94545e-05,0.000230869,0.926964,0.182411,0.488195,0.290915,0.568367,0,1.25527e-05,0,0,-0,109
synthetic-burst,stabilized,900,valid,884,0.147155,0.0255215,0.324265,0.1575,0.734163,1,-0.168552,3.41063,7,2.50513e-05,0.000183138,0.813348,0.138426,0.17976,0.216288,0.446783,0,1.28816e-05,0,0,-0,20
synthetic-burst,stabilized,900,too short,179,0.145099,0.0500199,0.332781,0.164093,0.860335,1,1.13408,3.50279,7.1,2.73267e-05,0.000167171,0.793296,0.119361,0.135258,0.218003,0.454673,0,7.2629e-06,0,0,-0,0
synthetic-burst,stabilized,1800,too long,24802,0.108037,-0.0139698,0.277426,0.121519,0.579711,0,0.660148,1.20809,4,1.9096e-05,0.000230317,0.95081,0.217457,0.395163,0.237275,0.407151,0,5.37928e-06,0,0,-0,63
synthetic-burst,stabilized,1800,valid,4164,0.0931266,-0.0107993,0.374891,0.124024,0.67219,0,0.231748,1.93252,5,2.22298e-05,0.000229384,0.835735,0.262385,0.272363,0.179074,0.387518,0,5.59878e-06,0,0,-0,25
synthetic-burst,stabilized,1800,too short,439,0.0908721,0.0104222,0.194188,0.100118,0.722096,1,0.259681,2.98861,6,2.6523e-05,0.000183014,0.740319,0.116433,0.135058,0.145035,0.306795,0,3.72678e-06,0,0,-0,3
synthetic-burst,stabilized,3600,too long,12256,0.0767465,-0.0364044,0.225671,0.0933857,0.833796,0,-0.00236619,1.09799,3,2.06465e-05,0.000230293,0.986619,0.274316,0.380638,0.399905,0.542341,0,3.62564e-06,0,0,-0,1
synthetic-burst,stabilized,3600,valid,16086,0.0577976,-0.00712443,0.54779,0.140422,0.61538,0,-0.25544,0.948713,2,1.85096e-05,0.000230569,0.940259,0.520458,0.546355,0.283066,0.695148,0,3.95678e-06,0,0,-0,149
synthetic-burst,stabilized,3600,too short,1063,0.038665,-0.0174001,0.278748,0.0645379,0.604892,0,0.281279,1.39887,3,2.54256e-05,0.000181867,0.770461,0.253781,0.26069,0.102051,0.33478,0,3.29339e-06,0,0,-0,17
synthetic-burst,inflate-k,60,too long,29379,-5.43427e-05,-0.00278864,0.000271511,0.000726781,0.00357398,0,-0.00319956,0.00374417,0,2.12536e-05,0.000277431,0,0.00446905,0.00466134,0.00262601,0.00582793,0.00456108,0.305495,21,21,0.0023442,80
synthetic-burst,inflate-k,60,valid,22,-1.68291e-06,-0.000270461,0.000355358,0.00020271,0,0,0,0,0,2.50531e-05,7.7086e-05,0,0.00424795,0.00427836,0.00199222,0.00663836,0,8.03956e-06,0,0,-0,0
synthetic-burst,inflate-k,60,too short,4,2.3413e-05,-0.000111209,0.000138561,8.48433e-05,0,0,0,0,0,3.4115e-05,6.47681e-05,0,0.000451392,0.000456353,0.000661125,0.00159149,0,3.39038e-05,0,0,-0,0
synthetic-burst,inflate-k,300,too long,29143,-0.000274763,-0.023693,0.00239926,0.00624272,0.0351028,0,-0.0325979,0.036441,0,1.93435e-05,0.000224676,0.502625,0.0399458,0.0416127,0.0237725,0.0522155,0.00442645,0.317649,22,22,0.00247124,66
synthetic-burst,inflate-k,300,valid,226,-4.07158e-05,-0.00217339,0.00612067,0.00245073,0.0221239,0,-0.0132743,0.0221239,0,2.58694e-05,0.000156554,0.234513,0.0337547,0.0388174,0.0108314,0.0386658,0,1.07568e-05,0,0,-0,2
synthetic-burst,inflate-k,300,too short,36,-9.60248e-06,-0.0026402,0.00106242,0.00113897,0,0,0,0,0,2.81133e-05,0.000126318,0.111111,0.0244126,0.025282,0.00279739,0.0365129,0,3.57392e-06,0,0,-0,0
synthetic-burst,inflate-k,600,too long,28774,-0.000531373,-0.0454833,0.00623991,0.0125762,0.0784041,0,-0.072079,0.0813929,1,1.95386e-05,0.000227563,0.706297,0.083718,0.0870384,0.0505236,0.109538,0.00413568,0.332006,21,21,0.00262126,62
synthetic-burst,inflate-k,600,valid,526,-4.20997e-05,-0.00786238,0.102184,0.0100814,0.0627376,0,-0.0646388,0.0722433,1,2.70596e-05,0.000184262,0.473384,0.079281,0.0818868,0.0286526,0.107722,0,7.37228e-06,0,0,-0,3
synthetic-burst,inflate-k,600,too short,105,-5.16385e-05,-0.00199392,0.00248415,0.00186642,0.0190476,0,0,0.0190476,0,2.47816e-05,0.000165721,0.228571,0.0431415,0.045728,0.0105993,0.0517925,0,6.36508e-06,0,0,-0,0
synthetic-burst,inflate-k,900,too long,28342,-0.0007667,-0.061313,0.0133934,0.018148,0.131924,0,-0.116858,0.139722,1,1.94443e-05,0.00022956,0.801778,0.12672,0.131732,0.0779059,0.166035,0.00366947,0.345529,19,19,0.00276258,59
synthetic-burst,inflate-k,900,valid,884,-0.000133197,-0.00763698,0.165403,0.0172945,0.108597,0,-0.125566,0.136878,1,2.50324e-05,0.000182241,0.598416,0.126234,0.130254,0.0453639,0.172293,0,4.95202e-06,0,0,-0,3
synthetic-burst,inflate-k,900,too short,179,-0.000177654,-0.0035101,0.0048015,0.00335959,0.0502793,0,0.00558659,0.0502793,0.1,2.74617e-05,0.000163941,0.268156,0.06617,0.101421,0.012288,0.0667896,0,5.28211e-06,0,0,-0,2
synthetic-burst,inflate-k,1800,too long,24802,-0.000769384,-0.0713263,0.0992042,0.0280374,0.361866,0,-0.318563,0.377994,1,1.90585e-05,0.000228916,0.916579,0.231355,0.244835,0.167324,0.327058,0.00310459,0.382036,16,16,0.00314408,34
synthetic-burst,inflate-k,1800,valid,4164,-0.000285493,-0.0201825,0.374331,0.0496306,0.29731,0,-0.190682,0.358309,1,2.21461e-05,0.000228033,0.800672,0.262335,0.262583,0.108261,0.384779,0,3.74469e-06,0,0,-0,19
synthetic-burst,inflate-k,1800,too short,439,-0.000816892,-0.0097487,0.0324816,0.0143917,0.202733,0,-0.0022779,0.29385,1,2.6372e-05,0.000179799,0.489749,0.202666,0.223008,0.0292661,0.189211,0,2.48452e-06,0,0,-0,7
synthetic-burst,inflate-k,3600,too long,12256,0.0253319,-0.00996424,0.264627,0.0874746,0.696802,-1,-0.639605,0.748123,1,2.06328e-05,0.000229938,0.975033,0.353348,0.355667,0.397128,0.588716,0.00375326,0.444492,15,15,0.00379674,27
synthetic-burst,inflate-k,3600,valid,16086,0.00671243,-0.0225424,0.547755,0.117836,0.59673,-1,-0.434726,0.842534,2,1.84709e-05,0.000230249,0.940756,0.520419,0.536717,0.28334,0.695036,0,6.3669e-05,0,0,-0,195
synthetic-burst,inflate-k,3600,too short,1063,-0.00328649,-0.0319256,0.369263,0.0548064,0.422389,0,0.0583255,1.02164,4,2.53385e-05,0.000181572,0.736595,0.473469,0.531308,0.0802419,0.466548,0,2.64108e-06,0,0,-0,28
synthetic-burst,merge,60,too long,29379,-5.37855e-05,-0.00278864,0.00027688,0.000727168,0.0036761,0,-0.0032336,0.00384628,0,2.12534e-05,0.000277431,0,0.00446905,0.00466134,0.00262625,0.00582793,0.00456108,0.305495,21,21,0.0023442,80
synthetic-burst,merge,60,valid,22,-1.68291e-06,-0.000264753,0.000355358,0.000197521,0,0,0,0,0,2.5054e-05,7.71055e-05,0,0.00424795,0.00427836,0.00199222,0.00663836,0,8.03956e-06,0,0,-0,0
synthetic-burst,merge,300,too long,29143,-0.000220739,-0.023693,0.00243255,0.00624097,0.0370243,0,-0.0345881,0.0383626,0,1.93436e-05,0.000224681,0.502728,0.0399584,0.0923688,0.0237786,0.0522158,0.00442645,0.317649,22,22,0.00247124,65
synthetic-burst,merge,300,valid,226,1.01965e-05,-0.00217339,0.00612067,0.00242926,0.0309735,0,-0.0309735,0.0309735,0,2.58666e-05,0.000156537,0.234513,0.0337547,0.0388174,0.0108314,0.0386658,0,1.07568e-05,0,0,-0,2
synthetic-burst,merge,600,too long,28774,-0.000354033,-0.0454833,0.00636914,0.0126023,0.0857371,0,-0.0814624,0.0889692,1,1.95385e-05,0.000227539,0.706367,0.0837221,0.113096,0.0505803,0.109545,0.00413568,0.332006,21,21,0.00262126,62
synthetic-burst,merge,600,valid,526,0.000168123,-0.00786238,0.102184,0.0102115,0.0836502,0,-0.0931559,0.0931559,1,2.70582e-05,0.000184209,0.475285,0.079281,0.0818868,0.0287336,0.108484,0,7.37228e-06,0,0,-0,3
synthetic-burst,merge,900,too long,28342,-0.000397875,-0.061313,0.0135574,0.0182011,0.144838,0,-0.137958,0.150378,1,1.9448e-05,0.00022957,0.80199,0.126739,0.247983,0.0780043,0.166149,0.00366947,0.345529,19,19,0.00276258,59
synthetic-burst,merge,900,valid,884,0.000599507,-0.00767617,0.165403,0.0174923,0.147059,0,-0.173077,0.175339,1,2.50441e-05,0.000182442,0.61086,0.126234,0.130254,0.0468479,0.172773,0,4.62189e-06,0,0,-0,3
synthetic-burst,merge,1800,too long,24802,0.000224603,-0.0713256,0.0990739,0.0282027,0.394242,0,-0.394323,0.418515,1,1.9063e-05,0.000228945,0.91662,0.231615,0.516776,0.168336,0.327533,0.00298363,0.382036,17,17,0.00314408,34
synthetic-burst,merge,1800,valid,4164,0.00271376,-0.0207874,0.374442,0.0501625,0.382805,0,-0.39025,0.539145,1,2.21647e-05,0.000228061,0.804035,0.262337,0.491215,0.111888,0.385116,0,3.74469e-06,0,0,-0,22
synthetic-burst,merge,3600,too long,12256,0.0293178,-0.00217157,0.264627,0.0878409,0.738495,-1,-0.809073,0.827023,1,2.0638e-05,0.000230223,0.974706,0.353462,0.666961,0.402743,0.589035,0.00342689,0.444492,15,15,0.00379674,23
synthetic-burst,merge,3600,valid,16086,0.018453,-0.00467875,0.547755,0.119256,0.682146,-1,-0.982967,1.08256,4,1.84964e-05,0.000230506,0.940818,0.52059,0.703971,0.290669,0.699491,0,2.97151e-06,0,0,-0,191
synthetic-square,reference,30,too long,29393,0,0,0,0,0,0,0,0,0,0,0,0,0,0,0,0,0.00207532,0.0729371,21,21,0.00121658,17423
synthetic-square,reference,30,valid,12,0,0,0,0,0,0,0,0,0,0,0,0,0,0,0,0,0,7.90308e-06,0,0,-0,1
synthetic-square,standard,30,too long,29393,0,0,0,2.72286e-08,0,0,0,0,0,4.22338e-09,1.44457e-06,0,3.36402e-07,0.000297696,0,3.4936e-07,0.00207532,0.0729371,21,21,0.00121658,17423
synthetic-square,standard,30,valid,12,1.80426e-06,-2.87595e-06,0.00025004,4.79563e-05,0,0,0,0,0,1.73674e-06,4.42867e-06,0,0.000503111,0.000555778,0.000165061,0.000567467,0,7.26229e-06,0,0,-0,1
synthetic-square,standard,60,too long,29379,2.30826e-05,-0.000420127,0.00275314,0.000691815,0.0307703,0,0.00108921,0.0580687,0,2.12991e-05,0.000271796,0,0.0039255,0.00548609,0.000703583,0.00406897,0.00207631,0.073311,21,21,0.0012251,17472
synthetic-square,standard,60,valid,22,-5.27509e-06,-0.000407562,3.62402e-05,0.00014878,0,0,0,0,0,2.54318e-05,6.19396e-05,0,0.00128448,0.00138783,0.000376879,0.0021186,0,7.07098e-07,0,0,-0,7
synthetic-square,standard,60,too short,4,1.53532e-05,-3.03734e-05,9.26975e-05,4.32204e-05,0,0,0,0,0,3.59413e-05,5.59189e-05,0,9.63102e-05,9.75032e-05,0.000309559,0.000526873,0,2.87098e-06,0,0,-0,0
synthetic-square,standard,300,too long,29143,6.31951e-05,-0.00298608,0.024619,0.00607347,0.0845486,0,-0.0501321,0.1097,1,1.8578e-05,0.000209522,0.257729,0.0349887,0.0489757,0.00636754,0.0364566,0.00205881,0.0762277,22,22,0.00129149,17705
synthetic-square,standard,300,valid,226,-1.98867e-05,-0.00346358,0.000774813,0.00147095,0.0575221,0,-0.0575221,0.0575221,1,2.25401e-05,0.000131091,0.0309735,0.0326518,0.0442793,0.00240993,0.0103633,0,9.50644e-07,0,0,-0,60
synthetic-square,standard,300,too short,36,-8.60462e-06,-0.00279163,0.0081131,0.00166224,0.0555556,0,-0.0555556,0.0555556,0.25,2.59465e-05,0.000105277,0.0277778,0.0193154,0.0249789,0.00215014,0.0148192,0,3.10123e-07,0,0,-0,10
synthetic-square,standard,600,too long,28774,0.000166979,-0.00478854,0.0515345,0.0126504,0.146278,0,-0.0987697,0.178077,1,1.86416e-05,0.000211689,0.374748,0.0728748,0.102618,0.0135439,0.0765426,0.00184194,0.079673,21,21,0.00136989,17984
synthetic-square,standard,600,valid,526,-1.98e-05,-0.00880874,0.0400222,0.00671559,0.0741445,0,-0.0665399,0.0779468,1,2.41989e-05,0.000158608,0.155894,0.102257,0.10256,0.00575923,0.06255,0,6.24392e-07,0,0,-0,216
synthetic-square,standard,600,too short,105,6.61596e-06,-0.00470813,0.00440994,0.00208294,0.12381,0,-0.12381,0.12381,1,2.2867e-05,0.000138559,0.0857143,0.0370096,0.0522508,0.00517188,0.0282733,0,5.49996e-07,0,0,-0,27
synthetic-square,standard,900,too long,28342,0.000553714,-0.00568711,0.0779739,0.0191886,0.191765,0,-0.155317,0.219392,1,1.85646e-05,0.000213358,0.446017,0.109503,0.147968,0.0209287,0.116102,0.00172888,0.0829182,19,19,0.00144374,18249
synthetic-square,standard,900,valid,884,-1.4137e-06,-0.010829,0.0795467,0.0119503,0.104072,0,-0.115385,0.117647,1,2.25003e-05,0.000156644,0.222851,0.155732,0.155901,0.00900607,0.106949,0,3.91349e-07,0,0,-0,388
synthetic-square,standard,900,too short,179,-3.28367e-05,-0.00603955,0.00861929,0.00331137,0.150838,0,-0.134078,0.156425,1,2.43792e-05,0.000136946,0.117318,0.061989,0.138478,0.00739531,0.0376811,0.00558659,0.0133783,1,12,0.000886523,43
synthetic-square,standard,1800,too long,24802,0.00660508,-0.00615279,0.149183,0.0390854,0.295057,0,-0.26893,0.319974,1,1.83644e-05,0.000212805,0.606846,0.193945,0.209542,0.0450468,0.225745,0.00153213,0.091679,16,16,0.00164312,17460
synthetic-square,standard,1800,valid,4164,0.000161626,-0.00832688,0.22045,0.0327774,0.299472,0,-0.236311,0.386167,2,1.99323e-05,0.000212084,0.424352,0.288553,0.319024,0.0238031,0.294445,0,3.17999e-07,0,0,-0,2165
synthetic-square,standard,1800,too short,439,-8.16323e-06,-0.0173086,0.0414999,0.0107762,0.312073,0,-0.305239,0.318907,1,2.34606e-05,0.000153928,0.284738,0.196228,0.302484,0.0166559,0.0972858,0.0022779,0.0224938,3,37,0.0534312,149
synthetic-square,standard,3600,too long,12256,0.03363,-0.00217249,0.209061,0.0744402,0.362843,0,-0.367167,0.367167,1,2.02901e-05,0.000213813,0.78892,0.227707,0.231913,0.101895,0.342174,0.00252937,0.106667,17,17,0.0019842,9912
synthetic-square,standard,3600,valid,16086,0.00956656,-0.00696844,0.347638,0.0788621,0.489991,0,-0.494219,0.590203,2,1.71901e-05,0.000214066,0.674375,0.4578,0.626205,0.0742156,0.505918,0,0.000694809,0,0,-0,11389
synthetic-square,standard,3600,too short,1063,0.000224395,-0.0117531,0.303216,0.0481234,0.396049,0,-0.272813,0.64158,1,2.27165e-05,0.000155908,0.469426,0.813466,1.8876,0.0342989,0.412309,0.046096,1.76249,50,492,0.809779,536
synthetic-square,substeps,30,too long,29393,0.042269,-0.00514384,0.160011,0.0584099,0.947981,-13,-10.3615,11.8375,20,2.51633e-05,0.000244668,0.874698,0.223053,0.440428,0.218812,0.339607,0,4.70818e-05,0,0,-0,24576
synthetic-square,substeps,30,valid,12,0.0905567,0.0452286,0.146263,0.0910177,0.916667,0.5,0.25,5.58333,19.6,3.76564e-05,0.000140773,0.583333,0.0854647,0.0928682,0.136727,0.205813,0,9.63293e-07,0,0,-0,5
synthetic-square,substeps,60,too long,29379,0.0327055,-0.00738817,0.153519,0.0523095,0.939991,-12,-9.91007,11.357,20,2.03956e-05,0.000239064,0.815787,0.208225,0.404655,0.209354,0.325061,0,2.30712e-05,0,0,-0,22671
synthetic-square,substeps,60,valid,22,0.0667595,-0.00095256,0.111434,0.0660447,0.909091,0.5,6.13636,14.5909,23.65,2.65102e-05,7.7629e-05,0.454545,0.126647,0.140873,0.133514,0.261399,0,3.51096e-06,0,0,-0,10
synthetic-square,substeps,60,too short,4,0.110203,0.0787577,0.162114,0.116222,0.75,-1.5,-3.5,3.5,9.65,3.88998e-05,8.58764e-05,0.25,0.010747,0.0108429,0.138196,0.166477,0,1.3821e-06,0,0,-0,0
synthetic-square,substeps,300,too long,29143,0.0116318,-0.019644,0.131719,0.0387922,0.919157,-8,-7.22215,8.57149,17,1.86949e-05,0.000216143,0.657791,0.122171,0.238061,0.17333,0.258439,0,3.9617e-06,0,0,-0,20773
synthetic-square,substeps,300,valid,226,0.0587368,-0.00521329,0.135383,0.061942,0.747788,0,-1.87611,4.45133,12,2.3698e-05,0.000144849,0.256637,0.0522791,0.0562553,0.11372,0.196961,0,2.03917e-06,0,0,-0,89
synthetic-square,substeps,300,too short,36,0.0564213,-0.00252074,0.10163,0.0555245,0.861111,-1,0.472222,11.4722,29.75,2.62472e-05,0.000121138,0.25,0.112654,0.118077,0.116136,0.204043,0,7.36994e-07,0,0,-0,12
synthetic-square,substeps,600,too long,28774,0.0160923,-0.0248448,0.115957,0.0368126,0.895878,-5,-5.15844,6.21245,14,1.85426e-05,0.000218802,0.631264,0.104849,0.174386,0.154707,0.221753,0,1.64423e-06,0,0,-0,20378
synthetic-square,substeps,600,valid,526,0.052145,-0.00876695,0.110965,0.0537692,0.673004,0,-0.963878,3.97148,12,2.38123e-05,0.000153873,0.315589,0.102257,0.10256,0.105579,0.178814,0,1.41753e-06,0,0,-0,261
synthetic-square,substeps,600,too short,105,0.0485842,-0.00342366,0.127105,0.0520583,0.714286,0,-2.00952,3.3619,10.8,2.26519e-05,0.000138615,0.257143,0.0667152,0.0783456,0.103646,0.192652,0,3.51785e-07,0,0,-0,35
synthetic-square,substeps,900,too long,28342,0.024471,-0.00455055,0.105331,0.0368935,0.870052,-3,-4.01327,4.99294,12,1.85594e-05,0.000214926,0.644626,0.101758,0.194857,0.140939,0.213334,0,1.0348e-06,0,0,-0,20163
synthetic-square,substeps,900,valid,884,0.0500638,-0.00886693,0.142786,0.0534712,0.64819,0,-0.807692,3.04525,10,2.24517e-05,0.000156629,0.335973,0.155732,0.155901,0.0982581,0.175048,0,1.09062e-06,0,0,-0,447
synthetic-square,substeps,900,too short,179,0.045604,-0.00234022,0.11028,0.0489915,0.703911,0,0.256983,2.67039,8.1,2.39873e-05,0.000139589,0.223464,0.0517242,0.138478,0.0891287,0.163554,0.00558659,0.0133783,1,12,0.000886523,53
synthetic-square,substeps,1800,too long,24802,0.0477712,0.00102854,0.111054,0.0494569,0.762721,-1,-1.79727,2.2428,8,1.83875e-05,0.000214256,0.724377,0.16033,0.181779,0.138969,0.236965,0,4.82603e-07,0,0,-0,18496
synthetic-square,substeps,1800,valid,4164,0.0423995,-0.00814956,0.221719,0.0607398,0.569885,0,-0.0742075,1.31148,4,1.99767e-05,0.000213495,0.45293,0.288553,0.319024,0.0810954,0.295489,0,4.18124e-07,0,0,-0,2305
synthetic-square,substeps,1800,too short,439,0.0368245,-0.0117192,0.0929301,0.0424913,0.592255,0,0.469248,1.77677,6,2.3537e-05,0.000156787,0.343964,0.178822,0.302484,0.0724321,0.174288,0.0022779,0.0241164,3,37,0.0534312,177
synthetic-square,substeps,3600,too long,12256,0.0675129,0.0183361,0.152754,0.0756654,0.529047,0,-0.577268,0.731315,2,2.02983e-05,0.00021407,0.85705,0.166398,0.170036,0.158271,0.314639,0,2.83455e-07,0,0,-0,10363
synthetic-square,substeps,3600,valid,16086,0.034296,-0.0066444,0.347638,0.0910443,0.501057,0,-0.330225,0.694641,2,1.71969e-05,0.000214272,0.67481,0.4578,0.626205,0.0935095,0.505918,0,2.90162e-07,0,0,-0,11492
synthetic-square,substeps,3600,too short,1063,0.0217973,-0.0106835,0.311816,0.0659419,0.406397,0,0.136406,0.945437,3,2.27329e-05,0.000155838,0.479774,0.813466,1.8876,0.0531532,0.416923,0.0470367,1.76249,51,493,0.809779,566
synthetic-square,substeps-xadj,30,too long,29393,-0.00359121,-0.0299058,0.00714648,0.00885275,0.257476,0,-0.323376,0.597455,4,0.000630333,0.0256613,0.418263,0.0563771,0.0899699,0.0276813,0.0701302,0,0.000666338,0,0,-0,15264
synthetic-square,substeps-xadj,30,valid,12,-1.57061e-05,-0.00669945,0.00223318,0.00252374,0.583333,0.5,0.416667,0.583333,1,0.00160101,0.00482038,0.0833333,0.0112369,0.012394,0.0108744,0.0215678,0,9.49843e-05,0,0,-0,1
synthetic-square,substeps-xadj,60,too long,29379,-0.00337463,-0.0284108,0.00685257,0.0083558,0.253174,0,-0.338882,0.614521,4,0.000174127,0.0096517,0.414378,0.0533036,0.0903183,0.0272583,0.0664519,0,0.00029047,0,0,-0,15361
synthetic-square,substeps-xadj,60,valid,22,-0.00187366,-0.0129527,0.00183695,0.00402851,0.272727,0,0.272727,0.272727,1,0.00022331,0.00139534,0.227273,0.0295995,0.0312639,0.00905419,0.0385009,0,3.27834e-05,0,0,-0,7
synthetic-square,substeps-xadj,60,too short,4,-0.000335964,-0.002708,0.00397319,0.00284873,0.5,0,0,0.5,1,0.00071743,0.00182074,0,0.00178192,0.00181136,0.00828069,0.0137092,0,1.66017e-05,0,0,-0,0
synthetic-square,substeps-xadj,300,too long,29143,-0.000384949,-0.0179566,0.00858908,0.00594573,0.355935,0,-0.680747,0.812785,6,2.27292e-05,0.000372703,0.447861,0.0440306,0.0939378,0.0254751,0.0508606,0,2.05454e-05,0,0,-0,16651
synthetic-square,substeps-xadj,300,valid,226,-0.000922048,-0.00948431,0.0064422,0.00402566,0.150442,0,0.0530973,0.176991,1,3.48235e-05,0.000262017,0.10177,0.020688,0.0442793,0.00978036,0.0360391,0,6.68395e-06,0,0,-0,65
synthetic-square,substeps-xadj,300,too short,36,-0.00148509,-0.0131161,0.0014488,0.00335599,0.361111,0,-0.0555556,0.555556,1,4.02213e-05,0.000260186,0.166667,0.0310839,0.0341162,0.00756506,0.0430979,0,8.42091e-06,0,0,-0,10
synthetic-square,substeps-xadj,600,too long,28774,0.00326888,-0.0156611,0.0167105,0.00953913,0.400848,0,-0.651491,0.756864,4,1.90545e-05,0.000227133,0.51616,0.0499038,0.0992946,0.0276688,0.0531277,0,5.62629e-06,0,0,-0,17682
synthetic-square,substeps-xadj,600,valid,526,-0.000557118,-0.0125042,0.046352,0.00891255,0.1673,0,-0.039924,0.237643,1,2.50176e-05,0.000144729,0.197719,0.102257,0.10256,0.0100962,0.0591935,0,3.96789e-06,0,0,-0,217
synthetic-square,substeps-xadj,600,too short,105,-0.00148818,-0.0115616,0.00461914,0.00401226,0.285714,0,-0.00952381,0.314286,1,2.38883e-05,0.000138877,0.161905,0.0278695,0.0374241,0.0104394,0.0433973,0,1.94754e-06,0,0,-0,22
synthetic-square,substeps-xadj,900,too long,28342,0.00499797,-0.0140265,0.0399815,0.0149826,0.42594,0,-0.684179,0.76893,4,1.86518e-05,0.000217636,0.57219,0.0613154,0.110505,0.0334139,0.0673034,0,1.67283e-06,0,0,-0,18270
synthetic-square,substeps-xadj,900,valid,884,-0.000693601,-0.0136617,0.081612,0.0142278,0.190045,0,-0.0486425,0.245475,1,2.26232e-05,0.000156953,0.255656,0.155732,0.155901,0.0120047,0.0941465,0,1.61968e-06,0,0,-0,389
synthetic-square,substeps-xadj,900,too short,179,-0.00113615,-0.0115473,0.00608404,0.00499035,0.240223,0,-0.0949721,0.284916,1,2.44598e-05,0.00013538,0.156425,0.0415329,0.138478,0.0102958,0.0490881,0.00558659,0.0133783,1,12,0.000886523,36
synthetic-square,substeps-xadj,1800,too long,24802,0.0141705,-0.0103899,0.104849,0.032407,0.452262,0,-0.612934,0.653415,2,1.83718e-05,0.000212547,0.697565,0.133751,0.145793,0.0545328,0.154211,0,6.77928e-07,0,0,-0,17799
synthetic-square,substeps-xadj,1800,valid,4164,0.000571917,-0.0123498,0.22045,0.0349394,0.303314,0,-0.200288,0.424111,2,1.99664e-05,0.00021183,0.43684,0.288553,0.319024,0.0240772,0.294445,0,6.43713e-07,0,0,-0,2142
synthetic-square,substeps-xadj,1800,too short,439,-0.000956627,-0.0158618,0.0376228,0.0119749,0.287016,0,-0.220957,0.321185,1,2.3523e-05,0.000155977,0.312073,0.181787,0.302484,0.0176342,0.0886621,0.0022779,0.0201043,3,37,0.0534312,151
synthetic-square,substeps-xadj,3600,too long,12256,0.0442278,-0.00583619,0.162004,0.0650187,0.428035,0,-0.435379,0.439948,1,2.0294e-05,0.000214065,0.849298,0.174817,0.177812,0.110748,0.256452,0,1.98083e-07,0,0,-0,10186
synthetic-square,substeps-xadj,3600,valid,16086,0.0111277,-0.00961308,0.347638,0.0802457,0.46326,0,-0.469228,0.569812,2,1.71957e-05,0.000214266,0.673194,0.4578,0.626205,0.0690694,0.505918,0,2.33729e-07,0,0,-0,11327
synthetic-square,substeps-xadj,3600,too short,1063,1.38493e-05,-0.0120111,0.303216,0.0495091,0.329257,0,-0.190028,0.575729,1,2.27063e-05,0.00015607,0.476952,0.813466,1.8876,0.0329863,0.411492,0.046096,1.76249,50,492,0.809779,533
synthetic-square,subcycles,60,too long,29379,2.30826e-05,-0.000420127,0.00275314,0.000691814,0.0307703,0,0.00108921,0.0580687,0,2.12992e-05,0.000271796,0,0.0039255,0.00548609,0.000703583,0.00406897,0.00207631,0.073311,21,21,0.0012251,17472
synthetic-square,subcycles,60,valid,22,-5.27509e-06,-0.000407562,3.62402e-05,0.000148777,0,0,0,0,0,2.54336e-05,6.1979e-05,0,0.00128448,0.00138783,0.000376879,0.0021186,0,7.07098e-07,0,0,-0,7
synthetic-square,subcycles,60,too short,4,1.82904e-05,-2.97726e-05,9.04682e-05,4.38188e-05,0,0,0,0,0,3.61247e-05,5.59354e-05,0,4.49172e-05,4.55051e-05,0.00016242,0.00024779,0,2.94798e-06,0,0,-0,0
synthetic-square,subcycles,300,too long,29143,6.31535e-05,-0.00298608,0.024619,0.00607348,0.0845143,0,-0.0500978,0.109666,1,1.85784e-05,0.000209497,0.257729,0.0349887,0.0489757,0.00636754,0.0364566,0.00205881,0.0762277,22,22,0.00129149,17705
synthetic-square,subcycles,300,valid,226,-1.98867e-05,-0.00346358,0.000774813,0.00147097,0.0575221,0,-0.0575221,0.0575221,1,2.25403e-05,0.000131232,0.0309735,0.0326518,0.0442793,0.00240993,0.0103633,0,9.50644e-07,0,0,-0,60
synthetic-square,subcycles,300,too short,36,-5.95276e-06,-0.00135208,0.00226032,0.000697816,0.0277778,0,-0.0277778,0.0277778,0,2.59226e-05,0.000105265,0.0277778,0.00846803,0.0109489,0.000618283,0.0066946,0,3.18832e-07,0,0,-0,11
synthetic-square,subcycles,600,too long,28774,0.000166979,-0.00478854,0.0515345,0.0126504,0.146278,0,-0.0987697,0.178077,1,1.86418e-05,0.000211699,0.374748,0.0728748,0.102618,0.0135439,0.0765426,0.00184194,0.079673,21,21,0.00136989,17984
synthetic-square,subcycles,600,valid,526,-1.98e-05,-0.00880874,0.0400222,0.00671612,0.0741445,0,-0.0665399,0.0779468,1,2.41998e-05,0.000158705,0.155894,0.102257,0.10256,0.00575923,0.06255,0,6.24392e-07,0,0,-0,216
synthetic-square,subcycles,600,too short,105,-3.09196e-05,-0.00342462,0.000589634,0.000992166,0.0666667,0,-0.0666667,0.0666667,1,2.28665e-05,0.00013868,0.0285714,0.0146247,0.0174465,0.00230046,0.00988958,0,5.93995e-07,0,0,-0,27
synthetic-square,subcycles,900,too long,28342,0.000550432,-0.00568711,0.0779739,0.0191887,0.191765,0,-0.155317,0.219392,1,1.85657e-05,0.000213366,0.446017,0.109503,0.147968,0.0209287,0.116102,0.00172888,0.0829182,19,19,0.00144374,18250
synthetic-square,subcycles,900,valid,884,-5.09832e-06,-0.010829,0.0795467,0.0119513,0.102941,0,-0.114253,0.116516,1,2.25021e-05,0.000156808,0.222851,0.155732,0.155901,0.00900607,0.106949,0,4.19303e-07,0,0,-0,388
synthetic-square,subcycles,900,too short,179,-4.7256e-05,-0.00455085,0.000982555,0.0013934,0.0614525,0,-0.0614525,0.0614525,1,2.43829e-05,0.00013721,0.027933,0.0181031,0.0668273,0.00286487,0.0129677,0,4.19285e-07,0,0,-0,43
synthetic-square,subcycles,1800,too long,24802,0.0066,-0.00615279,0.149183,0.039087,0.294976,0,-0.268849,0.319894,1,1.83642e-05,0.000213131,0.606846,0.193945,0.209542,0.0450468,0.225745,0.00153213,0.091679,16,16,0.00164312,17457
synthetic-square,subcycles,1800,valid,4164,0.000132685,-0.00832688,0.22045,0.0327796,0.299472,0,-0.236311,0.386167,2,1.99306e-05,0.000212447,0.425072,0.288553,0.319024,0.0238031,0.294445,0,3.17999e-07,0,0,-0,2163
synthetic-square,subcycles,1800,too short,439,-0.000132977,-0.0104938,0.0113804,0.00515851,0.0979499,0,-0.0888383,0.102506,1,2.34572e-05,0.000153872,0.127563,0.0910312,0.148486,0.00613902,0.0388318,0,2.37477e-07,0,0,-0,143
synthetic-square,subcycles,3600,too long,12256,0.0332491,-0.00219778,0.209061,0.0743735,0.363006,0,-0.367167,0.367167,1,2.02893e-05,0.00021381,0.786717,0.227707,0.231913,0.101466,0.342174,0.00236619,0.106667,15,15,0.0019842,9893
synthetic-square,subcycles,3600,valid,16086,0.0093591,-0.00710763,0.347638,0.0788257,0.490116,0,-0.493659,0.59014,2,1.71895e-05,0.000214021,0.671826,0.4578,0.626205,0.0739894,0.505918,0,2.15285e-05,0,0,-0,11344
synthetic-square,subcycles,3600,too short,1063,-0.000472555,-0.0148183,0.105407,0.0185996,0.187206,0,-0.20508,0.231421,1,2.27133e-05,0.000155905,0.290687,0.317489,0.319024,0.0137359,0.142882,0,3.35442e-07,0,0,-0,424
synthetic-square,stabilized,30,too long,29393,0.042269,-0.00514384,0.160011,0.0584099,0.947981,-13,-10.3615,11.8375,20,2.51633e-05,0.000244668,0.874698,0.223053,0.440428,0.218812,0.339607,0,4.70818e-05,0,0,-0,24576
synthetic-square,stabilized,30,valid,12,0.0905567,0.0452286,0.146263,0.0910177,0.916667,0.5,0.25,5.58333,19.6,3.76564e-05,0.000140773,0.583333,0.0854647,0.0928682,0.136727,0.205813,0,9.63293e-07,0,0,-0,5
synthetic-square,stabilized,60,too long,29379,0.0327055,-0.00738817,0.153519,0.0523095,0.939991,-12,-9.91007,11.357,20,2.03955e-05,0.000239064,0.815787,0.208225,0.404655,0.209354,0.325061,0,2.30712e-05,0,0,-0,22671
synthetic-square,stabilized,60,valid,22,0.0667595,-0.00095256,0.111434,0.0660447,0.909091,0.5,6.13636,14.5909,23.65,2.65105e-05,7.7637e-05,0.454545,0.126647,0.140873,0.133514,0.261399,0,3.51096e-06,0,0,-0,10
synthetic-square,stabilized,60,too short,4,0.110152,0.0787051,0.162108,0.116184,0.75,-1.5,-3.5,3.5,9.65,3.87582e-05,8.5715e-05,0.25,0.010752,0.0108501,0.138177,0.166461,0,1.16599e-06,0,0,-0,0
synthetic-square,stabilized,300,too long,29143,0.0116318,-0.019644,0.131719,0.0387921,0.919157,-8,-7.22228,8.57163,17,1.86946e-05,0.000216138,0.657791,0.122171,0.238061,0.17333,0.258439,0,3.9617e-06,0,0,-0,20773
synthetic-square,stabilized,300,valid,226,0.0587368,-0.00521329,0.135382,0.0619418,0.747788,0,-1.87611,4.45133,12,2.37011e-05,0.000144875,0.256637,0.0522791,0.0562553,0.113719,0.196961,0,2.03917e-06,0,0,-0,89
synthetic-square,stabilized,300,too short,36,0.0563916,-0.00245958,0.101644,0.0557776,0.861111,-1,0.361111,11.5833,29.75,2.62346e-05,0.000121249,0.25,0.11936,0.129309,0.11582,0.200635,0,5.60996e-07,0,0,-0,11
synthetic-square,stabilized,600,too long,28774,0.0160923,-0.0248448,0.115957,0.0368122,0.895878,-5,-5.15848,6.21241,14,1.85427e-05,0.000218773,0.631264,0.104849,0.174386,0.154703,0.221753,0,1.64423e-06,0,0,-0,20378
synthetic-square,stabilized,600,valid,526,0.052145,-0.00876695,0.110964,0.0537682,0.673004,0,-0.963878,3.97148,12,2.38113e-05,0.000153939,0.315589,0.102257,0.10256,0.105579,0.178814,0,1.41753e-06,0,0,-0,261
synthetic-square,stabilized,600,too short,105,0.048653,-0.00558594,0.127034,0.0524202,0.695238,0,-1.85714,3.26667,9.8,2.2633e-05,0.000138733,0.228571,0.0743472,0.100023,0.102046,0.192108,0,3.51785e-07,0,0,-0,34
synthetic-square,stabilized,900,too long,28342,0.024471,-0.00455055,0.105331,0.0368922,0.870087,-3,-4.01298,4.99266,12,1.85606e-05,0.00021492,0.644626,0.101758,0.194857,0.140939,0.213334,0,1.06276e-06,0,0,-0,20163
synthetic-square,stabilized,900,valid,884,0.0500569,-0.00886693,0.142786,0.0534673,0.64819,0,-0.807692,3.04525,10,2.24541e-05,0.000156647,0.335973,0.155732,0.155901,0.0982457,0.175048,0,1.09062e-06,0,0,-0,447
synthetic-square,stabilized,900,too short,179,0.046455,-0.00491463,0.101826,0.0482975,0.636872,0,0.340782,2.58659,8,2.39907e-05,0.000139586,0.178771,0.0631718,0.0711992,0.0867767,0.160949,0,6.14951e-07,0,0,-0,57
synthetic-square,stabilized,1800,too long,24802,0.0477689,0.00101849,0.111053,0.0494512,0.762721,-1,-1.79719,2.24256,8,1.83881e-05,0.000214439,0.724337,0.16033,0.181779,0.138997,0.236965,0,4.54215e-07,0,0,-0,18496
synthetic-square,stabilized,1800,valid,4164,0.0423995,-0.00815849,0.221719,0.0607256,0.569645,0,-0.0739673,1.31124,4,1.99761e-05,0.000213706,0.45293,0.288553,0.319024,0.0810627,0.295489,0,4.74225e-07,0,0,-0,2305
synthetic-square,stabilized,1800,too short,439,0.0352576,-0.00941484,0.0798391,0.0375101,0.492027,0,0.665148,1.69476,6,2.35366e-05,0.000156901,0.223235,0.087309,0.148486,0.0673641,0.136457,0,3.16636e-07,0,0,-0,172
synthetic-square,stabilized,3600,too long,12256,0.0675065,0.0182654,0.152754,0.0756333,0.528476,0,-0.577595,0.730336,2,2.02975e-05,0.000214069,0.856968,0.166398,0.170036,0.158227,0.314639,0,3.07073e-07,0,0,-0,10361
synthetic-square,stabilized,3600,valid,16086,0.0341287,-0.00670692,0.347638,0.0909051,0.500932,0,-0.331033,0.693709,2,1.7195e-05,0.000214255,0.672262,0.4578,0.626205,0.0932547,0.505918,0,3.35102e-07,0,0,-0,11440
synthetic-square,stabilized,3600,too short,1063,0.0196689,-0.0147765,0.112113,0.0355569,0.347131,0,0.185325,0.689558,2,2.27268e-05,0.000155607,0.315146,0.317489,0.319024,0.0425701,0.168623,0,2.78955e-07,0,0,-0,465
synthetic-square,inflate-k,60,too long,29379,2.2987e-05,-0.000420127,0.00275314,0.000691798,0.0307362,0,0.00112325,0.0580347,0,2.12991e-05,0.000271796,0,0.0039255,0.00548609,0.000703583,0.00406897,0.00207631,0.073311,21,21,0.0012251,17472
synthetic-square,inflate-k,60,valid,22,-5.27509e-06,-0.000407562,3.62402e-05,0.000149073,0,0,0,0,0,2.5429e-05,6.18774e-05,0,0.00128448,0.00138783,0.000376879,0.0021186,0,7.07098e-07,0,0,-0,7
synthetic-square,inflate-k,60,too short,4,1.83616e-05,-2.98981e-05,9.30928e-05,4.45832e-05,0,0,0,0,0,3.59361e-05,5.59212e-05,0,3.55393e-05,3.56116e-05,0.000211498,0.000232508,0,2.87098e-06,0,0,-0,0
synthetic-square,inflate-k,300,too long,29143,5.92408e-05,-0.00298608,0.024619,0.00608121,0.0840682,0,-0.0495145,0.10922,1,1.85773e-05,0.000209535,0.257729,0.0349887,0.0489757,0.00636754,0.0364566,0.00205881,0.0762277,22,22,0.00129149,17705
synthetic-square,inflate-k,300,valid,226,-3.68217e-05,-0.00346358,0.000774813,0.00150782,0.0530973,0,-0.0530973,0.0530973,0.75,2.25371e-05,0.000131116,0.0309735,0.0326518,0.0442793,0.00238533,0.0103633,0,9.50644e-07,0,0,-0,60
synthetic-square,inflate-k,300,too short,36,-1.29934e-05,-0.00176621,0.00258121,0.00121316,0.0555556,0,-0.0555556,0.0555556,0.25,2.59318e-05,0.000105291,0.0277778,0.0164147,0.0207139,0.000711602,0.0142691,0,3.10123e-07,0,0,-0,11
synthetic-square,inflate-k,600,too long,28774,0.000165586,-0.00479022,0.0515345,0.0126841,0.14388,0,-0.0952596,0.175679,1,1.86419e-05,0.000211696,0.374748,0.0728748,0.102618,0.0135429,0.0765426,0.00184194,0.079673,21,21,0.00136989,17986
synthetic-square,inflate-k,600,valid,526,-9.68734e-05,-0.00880874,0.0400222,0.00682943,0.0684411,0,-0.0570342,0.0722433,1,2.42006e-05,0.000158611,0.155894,0.102257,0.10256,0.00575923,0.06255,0,6.24392e-07,0,0,-0,216
synthetic-square,inflate-k,600,too short,105,-7.58624e-05,-0.00429402,0.000735213,0.00104666,0.0571429,0,-0.0571429,0.0571429,0.8,2.28643e-05,0.000138575,0.0380952,0.0123717,0.0303775,0.00269044,0.0134669,0,5.38996e-07,0,0,-0,26
synthetic-square,inflate-k,900,too long,28342,0.000550432,-0.00570135,0.0779739,0.0192794,0.188801,0,-0.148049,0.217486,1,1.85627e-05,0.000213399,0.446017,0.109503,0.147968,0.0209184,0.116102,0.00172888,0.0829182,19,19,0.00144374,18248
synthetic-square,inflate-k,900,valid,884,-0.000203792,-0.010829,0.0795467,0.0122201,0.10181,0,-0.0995475,0.115385,1,2.24918e-05,0.000156625,0.222851,0.155732,0.155901,0.00894021,0.106949,0,4.19303e-07,0,0,-0,389
synthetic-square,inflate-k,900,too short,179,-0.00026271,-0.00508161,0.00107435,0.00216696,0.0837989,0,-0.027933,0.0837989,1,2.437e-05,0.000136902,0.0391061,0.0244385,0.136567,0.00408424,0.0194051,0,4.47237e-07,0,0,-0,44
synthetic-square,inflate-k,1800,too long,24802,0.00657852,-0.00760135,0.149183,0.039441,0.293323,0,-0.235828,0.32703,1,1.83624e-05,0.000212904,0.607128,0.193945,0.209542,0.0450248,0.225745,0.00153213,0.091679,16,16,0.00164312,17469
synthetic-square,inflate-k,1800,valid,4164,-0.000183328,-0.0109277,0.22045,0.0337772,0.31292,0,-0.137848,0.402498,2,1.99236e-05,0.000212197,0.424592,0.288553,0.319024,0.0231797,0.294445,0,3.17999e-07,0,0,-0,2165
synthetic-square,inflate-k,1800,too short,439,-0.00152706,-0.0153726,0.016151,0.00842969,0.168565,0,0.0683371,0.186788,1,2.34472e-05,0.00015382,0.161731,0.14489,0.238449,0.0102317,0.0660156,0,2.1109e-07,0,0,-0,144
synthetic-square,inflate-k,3600,too long,12256,0.0333664,-0.00966067,0.209061,0.0751856,0.35811,0,-0.296018,0.386913,1,2.02865e-05,0.000213836,0.788185,0.227707,0.231913,0.101577,0.342174,0.00236619,0.106667,15,15,0.0019842,9896
synthetic-square,inflate-k,3600,valid,16086,0.00882921,-0.0193658,0.347638,0.0812855,0.50286,0,-0.241639,0.712856,2,1.71729e-05,0.000214057,0.673443,0.4578,0.626205,0.0755064,0.505918,0,1.18401e-05,0,0,-0,11374
synthetic-square,inflate-k,3600,too short,1063,-0.00414484,-0.0267978,0.14186,0.0316472,0.403575,0,0.214487,0.83349,4,2.2667e-05,0.00015535,0.309501,0.522988,0.625934,0.0281535,0.19949,0,2.23628e-07,0,0,-0,479
synthetic-square,merge,60,too long,29379,2.43315e-05,-0.000420127,0.00275314,0.00069237,0.0308724,0,0.0009871,0.0581708,0,2.12989e-05,0.000271796,0,0.0039255,0.00548609,0.000703583,0.00406897,0.00207631,0.073311,21,21,0.0012251,17472
synthetic-square,merge,60,valid,22,-2.35148e-06,-0.000407562,4.6505e-05,0.000148688,0,0,0,0,0,2.54321e-05,6.19464e-05,0,0.00128448,0.00138783,0.000376879,0.0021186,0,7.07098e-07,0,0,-0,7
synthetic-square,merge,300,too long,29143,8.91673e-05,-0.00298608,0.024619,0.00607878,0.0853721,0,-0.0509556,0.110524,1,1.85787e-05,0.00020954,0.257729,0.0349887,0.0489757,0.00637516,0.0364566,0.00205881,0.0762277,22,22,0.00129149,17705
synthetic-square,merge,300,valid,226,-1.67747e-05,-0.00346358,0.000902979,0.00148954,0.0575221,0,-0.0575221,0.0575221,1,2.25415e-05,0.0001312,0.0309735,0.0326518,0.0442793,0.00245408,0.0103633,0,9.50644e-07,0,0,-0,60
synthetic-square,merge,600,too long,28774,0.000485675,-0.00478854,0.0515345,0.0127008,0.150726,0,-0.103218,0.182526,1,1.86423e-05,0.000211699,0.374852,0.0728748,0.102618,0.0135967,0.0765426,0.00184194,0.079673,21,21,0.00136989,17986
synthetic-square,merge,600,valid,526,6.16061e-05,-0.00880874,0.0400222,0.00686856,0.0855513,0,-0.0779468,0.0893536,1,2.42006e-05,0.000158624,0.155894,0.102257,0.10256,0.00613949,0.06255,0,6.24392e-07,0,0,-0,217
synthetic-square,merge,900,too long,28342,0.00145044,-0.00568372,0.0779739,0.0193142,0.201821,0,-0.165302,0.229447,1,1.85639e-05,0.000213374,0.446122,0.109503,0.147968,0.0209924,0.116102,0.00172888,0.0829182,19,19,0.00144374,18253
synthetic-square,merge,900,valid,884,0.000272987,-0.010829,0.0795467,0.0123587,0.13009,0,-0.141403,0.143665,1,2.24958e-05,0.000156754,0.222851,0.155732,0.155901,0.00990492,0.106949,0,3.91349e-07,0,0,-0,389
synthetic-square,merge,1800,too long,24802,0.007862,-0.00616901,0.149183,0.0395097,0.325256,0,-0.307032,0.358399,1,1.8365e-05,0.00021294,0.607653,0.193945,0.209542,0.0453452,0.225772,0.00141118,0.091679,17,17,0.00164312,17467
synthetic-square,merge,1800,valid,4164,0.00299168,-0.00852229,0.221273,0.0339967,0.402738,0,-0.366715,0.517531,2,1.99345e-05,0.00021224,0.426513,0.289263,0.38136,0.0279449,0.295095,0,3.17999e-07,0,0,-0,2169
synthetic-square,merge,3600,too long,12256,0.0341411,-0.00240053,0.209061,0.0754213,0.397193,0,-0.442804,0.46157,1,2.0291e-05,0.000214028,0.78843,0.227707,0.231913,0.104395,0.342174,0.0022846,0.106667,15,15,0.0019842,9900
synthetic-square,merge,3600,valid,16086,0.0189402,-0.00712066,0.347638,0.0819406,0.578142,-1,-0.762837,0.967612,3,1.71911e-05,0.000214232,0.676489,0.457849,0.626205,0.084249,0.50656,0,2.51598e-07,0,0,-0,11359
