scenario,treatment,dt,rivers,peak_error_median,peak_error_p05,peak_error_p95,peak_error_abs_mean,timing_error_share,timing_error_median_h,timing_error_mean_h,timing_error_abs_mean_h,timing_error_abs_p95_h,volume_error_abs_mean,volume_error_abs_max,oscillating_share,oscillation_p99,oscillation_max,max_error_median,max_error_p95,dip_share,dip_max,rivers_with_negative_hours,negative_hours,negative_share_max,rivers_oscillating_hours
synthetic-burst,reference,30,29405,0,0,0,0,0,0,0,0,0,0,0,0,0,0,0,0,0.00459106,0.303937,21,21,0.00232791,80
synthetic-burst,standard,30,29405,0,0,0,7.42318e-08,6.80156e-05,0,-6.80156e-05,6.80156e-05,0,4.92847e-09,8.40991e-06,0,1.64065e-06,0.001654,0,5.79272e-07,0.00459106,0.303937,21,21,0.00232791,80
synthetic-burst,standard,60,29405,-5.40585e-05,-0.00278628,0.000271861,0.000726315,0.00357082,0,-0.00312872,0.00374086,0,2.1258e-05,0.000277431,0,0.00446891,0.00466134,0.00262542,0.00582864,0.00455705,0.305495,21,21,0.0023442,80
synthetic-burst,standard,300,29405,-0.000217817,-0.0236133,0.00242739,0.00620017,0.0355042,0,-0.0330896,0.0368305,0,1.94045e-05,0.000224677,0.500221,0.0399091,0.0416127,0.0236387,0.0521976,0.00438701,0.317649,22,22,0.00247124,68
synthetic-burst,standard,600,29405,-0.000314078,-0.0453216,0.0064577,0.0124601,0.0799524,0,-0.0755314,0.0828771,1,1.96908e-05,0.00022754,0.701207,0.083523,0.0870384,0.049956,0.109509,0.00404693,0.332006,21,21,0.00262126,66
synthetic-burst,standard,900,29405,-0.000316388,-0.0609038,0.0147173,0.0179333,0.134433,0,-0.12872,0.140554,1,1.96651e-05,0.000229558,0.794049,0.126534,0.131732,0.0763044,0.166173,0.00357082,0.345529,19,19,0.00276258,66
synthetic-burst,standard,1800,29405,-1.11815e-05,-0.0696414,0.126538,0.0304327,0.348614,0,-0.34688,0.366808,1,1.96082e-05,0.000228799,0.897568,0.252586,0.262583,0.15546,0.332964,0.0026186,0.382036,19,20,0.00759068,62
synthetic-burst,standard,3600,29405,0.0117693,-0.00304503,0.451769,0.10234,0.623976,-1,-0.703962,0.704506,1,1.96345e-05,0.000230172,0.951777,0.510672,0.989428,0.314349,0.658762,0.00183642,0.444492,63,86,0.12315,533
synthetic-burst,substeps,30,29405,0.410673,0.0141737,1.03756,0.45375,0.67934,1,1.49862,3.51535,9,2.54874e-05,0.000266084,0.999388,0.564846,1.85549,0.541927,1.27558,0,0.000557475,0,0,-0,3035
synthetic-burst,substeps,60,29405,0.386038,0.0138703,0.96662,0.422535,0.667301,1,1.48587,3.39493,9,2.09157e-05,0.00024678,0.993368,0.497376,1.31805,0.521511,1.19224,0,0.000273214,0,0,-0,1763
synthetic-burst,substeps,300,29405,0.28052,0.0106251,0.670319,0.303127,0.62656,1,1.21224,2.63996,7,1.96536e-05,0.000232493,0.965176,0.291787,0.563723,0.426592,0.864619,0,4.68925e-05,0,0,-0,282
synthetic-burst,substeps,600,29405,0.217556,0.00541338,0.504228,0.232265,0.614453,1,0.864785,2.10145,6,1.96047e-05,0.000235304,0.935589,0.209822,0.524238,0.350718,0.677449,0,1.94704e-05,0,0,-0,147
synthetic-burst,substeps,900,29405,0.176652,-0.00055141,0.405542,0.188474,0.605849,1,0.790852,1.84101,5,1.96706e-05,0.000230872,0.922836,0.181716,0.488195,0.285794,0.564496,0,1.28816e-05,0,0,-0,130
synthetic-burst,substeps,1800,29405,0.10526,-0.0133987,0.291175,0.121729,0.594661,0,0.592756,1.33549,4,1.96512e-05,0.00023012,0.932835,0.25339,0.379393,0.23409,0.39762,0,5.71548e-06,3,4,0.00759068,96
synthetic-burst,substeps,3600,29405,0.0661438,-0.0171775,0.451489,0.120558,0.705968,0,-0.150757,1.03374,2,1.96475e-05,0.000230517,0.957694,0.511224,0.989428,0.34498,0.65896,0.000238055,0.279381,45,68,0.12315,456
synthetic-burst,substeps-xadj,30,29405,-0.0415142,-0.135041,0.0330077,0.0545727,0.342833,0,0.173338,0.441796,1,0.000626078,0.0254385,0.792076,0.0958758,0.262208,0.0921487,0.159356,0,0.00786584,0,0,-0,47
synthetic-burst,substeps-xadj,60,29405,-0.0418919,-0.135321,0.0307628,0.054319,0.339942,0,0.170685,0.436762,1,0.000173075,0.00957242,0.792688,0.0967629,0.263276,0.0896739,0.159037,0,0.00344005,0,0,-0,47
synthetic-burst,substeps-xadj,300,29405,-0.0434804,-0.136258,0.0183143,0.0541315,0.322836,0,0.14739,0.418704,1,2.34503e-05,0.000374243,0.807652,0.103809,0.271236,0.0692221,0.158107,0,0.000237475,0,0,-0,42
synthetic-burst,substeps-xadj,600,29405,-0.0465539,-0.137557,0.00613532,0.055145,0.302874,0,0.114776,0.396973,1,2.00258e-05,0.00024245,0.847815,0.113945,0.280946,0.0716321,0.165478,0,6.5032e-05,0,0,-0,44
synthetic-burst,substeps-xadj,900,29405,-0.0496286,-0.138555,0.00497945,0.0582963,0.292093,0,0.0762455,0.385037,1,1.97105e-05,0.000233365,0.87798,0.125483,0.289823,0.0896045,0.182827,0,1.97053e-05,0,0,-0,44
synthetic-burst,substeps-xadj,1800,29405,-0.0490812,-0.141374,0.0428823,0.0664167,0.308995,0,-0.0974664,0.400748,1,1.96443e-05,0.00022865,0.926237,0.25339,0.340159,0.157849,0.287474,0,7.91403e-06,3,4,0.00759068,33
synthetic-burst,substeps-xadj,3600,29405,-0.00447592,-0.10005,0.451533,0.0957177,0.547832,-1,-0.603299,0.691855,1,1.96429e-05,0.000230435,0.956776,0.511146,0.989428,0.345837,0.659685,0.000238055,0.276507,46,69,0.12315,448
synthetic-burst,subcycles,60,29405,-5.40333e-05,-0.00278628,0.000271861,0.000726314,0.00357082,0,-0.00319674,0.00374086,0,2.12584e-05,0.000277431,0,0.00446891,0.00466134,0.00262539,0.00582864,0.00455705,0.305495,21,21,0.0023442,80
synthetic-burst,subcycles,300,29405,-0.000217836,-0.0236133,0.00242739,0.00619902,0.0354702,0,-0.0330556,0.0367965,0,1.9405e-05,0.000224684,0.500051,0.0399091,0.0416127,0.0236262,0.0521976,0.00438701,0.317649,22,22,0.00247124,68
synthetic-burst,subcycles,600,29405,-0.000315139,-0.045308,0.00644405,0.0124524,0.0798844,0,-0.0754634,0.082809,1,1.96902e-05,0.000227553,0.700255,0.083523,0.0870384,0.0498477,0.109509,0.00404693,0.332006,21,21,0.00262126,66
synthetic-burst,subcycles,900,29405,-0.000318015,-0.0609017,0.0146846,0.0179122,0.133923,0,-0.128209,0.140044,1,1.96678e-05,0.000229583,0.79228,0.126534,0.131732,0.0760301,0.166171,0.00357082,0.345529,19,19,0.00276258,65
synthetic-burst,subcycles,1800,29405,-5.48922e-05,-0.0696031,0.125701,0.0302567,0.346234,0,-0.343547,0.363476,1,1.96078e-05,0.000229225,0.893488,0.252586,0.262583,0.154124,0.332794,0.0026186,0.382036,16,16,0.00314408,58
synthetic-burst,subcycles,3600,29405,0.0108105,-0.0038203,0.439383,0.0999079,0.613671,-1,-0.686278,0.68791,1,1.96393e-05,0.000230258,0.946574,0.497845,0.536717,0.307864,0.654008,0.00156436,0.444492,15,15,0.00379674,233
synthetic-burst,stabilized,30,29405,0.410673,0.0141737,1.03756,0.45375,0.67934,1,1.49862,3.51535,9,2.54874e-05,0.000266084,0.999388,0.564846,1.85549,0.541927,1.27558,0,0.000557475,0,0,-0,3035
synthetic-burst,stabilized,60,29405,0.386038,0.0138703,0.96662,0.422535,0.667301,1,1.48587,3.39493,9,2.09156e-05,0.00024678,0.993368,0.497376,1.31805,0.521511,1.19224,0,0.000273214,0,0,-0,1763
synthetic-burst,stabilized,300,29405,0.28052,0.0106251,0.670319,0.303126,0.62656,1,1.21224,2.63996,7,1.96541e-05,0.000232494,0.96521,0.291787,0.563723,0.426592,0.864619,0,4.68925e-05,0,0,-0,282
synthetic-burst,stabilized,600,29405,0.21761,0.00541338,0.504228,0.23226,0.614487,1,0.864955,2.10162,6,1.96048e-05,0.000235299,0.935555,0.209822,0.524238,0.350718,0.677449,0,1.94704e-05,0,0,-0,147
synthetic-burst,stabilized,900,29405,0.176633,-0.000605149,0.405542,0.188454,0.605917,1,0.791362,1.84139,5,1.96707e-05,0.000230869,0.922734,0.181716,0.488195,0.285815,0.564539,0,1.28816e-05,0,0,-0,129
synthetic-burst,stabilized,1800,29405,0.105142,-0.0134811,0.2904,0.121554,0.594933,0,0.593505,1.33726,4,1.96506e-05,0.000230317,0.931372,0.253369,0.395163,0.234017,0.39762,0,5.59878e-06,0,0,-0,91
synthetic-burst,stabilized,3600,29405,0.0647128,-0.018304,0.439461,0.118074,0.706036,0,-0.130556,1.02721,2,1.96503e-05,0.000230569,0.953443,0.497864,0.546355,0.339904,0.654559,0,3.95678e-06,0,0,-0,167
synthetic-burst,inflate-k,60,29405,-5.42758e-05,-0.00278628,0.000271555,0.000726302,0.00357082,0,-0.00319674,0.00374086,0,2.12582e-05,0.000277431,0,0.00446891,0.00466134,0.00262539,0.00582864,0.00455705,0.305495,21,21,0.0023442,80
synthetic-burst,inflate-k,300,29405,-0.000267204,-0.0236133,0.00242739,0.00620733,0.03496,0,-0.0324095,0.0362863,0,1.94044e-05,0.000224676,0.500085,0.0399091,0.0416127,0.0236275,0.0521976,0.00438701,0.317649,22,22,0.00247124,68
synthetic-burst,inflate-k,600,29405,-0.000497679,-0.045308,0.00644909,0.0124934,0.0779119,0,-0.0716885,0.0810066,1,1.96919e-05,0.000227563,0.700425,0.083523,0.0870384,0.0498531,0.109509,0.00404693,0.332006,21,21,0.00262126,65
synthetic-burst,inflate-k,900,29405,-0.000718291,-0.0609038,0.0147036,0.0180323,0.130726,0,-0.116375,0.139092,1,1.96611e-05,0.00022956,0.792416,0.126534,0.131732,0.0760444,0.166171,0.00353681,0.345529,19,19,0.00276258,64
synthetic-burst,inflate-k,1800,29405,-0.00066781,-0.0696075,0.126126,0.0308915,0.350349,0,-0.295732,0.37395,1,1.96049e-05,0.000228916,0.893794,0.252586,0.262583,0.154359,0.3328,0.0026186,0.382036,16,16,0.00314408,60
synthetic-burst,inflate-k,3600,29405,0.010943,-0.0194587,0.44354,0.102903,0.632137,-1,-0.502296,0.809658,2,1.96202e-05,0.000230249,0.947662,0.498998,0.536717,0.308561,0.654623,0.00156436,0.444492,15,15,0.00379674,250
synthetic-burst,merge,60,29401,-5.37247e-05,-0.0027863,0.000277232,0.000726771,0.00367334,0,-0.00323118,0.00384341,0,2.12562e-05,0.000277431,0,0.00446895,0.00466134,0.00262582,0.00582885,0.00455767,0.305495,21,21,0.0023442,80
synthetic-burst,merge,300,29369,-0.000213782,-0.0236249,0.00244625,0.00621164,0.0369778,0,-0.0345603,0.0383057,0,1.93938e-05,0.000224681,0.500664,0.0399236,0.0923688,0.0236564,0.0522001,0.00439239,0.317649,22,22,0.00247124,67
synthetic-burst,merge,600,29300,-0.000332276,-0.0453658,0.00659816,0.0125594,0.0856997,0,-0.0816724,0.0890444,1,1.96735e-05,0.000227539,0.702218,0.0835952,0.113096,0.0501219,0.109542,0.00406143,0.332006,21,21,0.00262126,65
synthetic-burst,merge,900,29226,-0.000351869,-0.0609774,0.0148427,0.0181796,0.144905,0,-0.13902,0.151133,1,1.96173e-05,0.00022957,0.796209,0.126684,0.247983,0.076755,0.166299,0.00355848,0.345529,19,19,0.00276258,62
synthetic-burst,merge,1800,28966,0.000514817,-0.0698399,0.126712,0.0313595,0.392598,0,-0.393737,0.435856,1,1.95088e-05,0.000228945,0.900435,0.253418,0.516776,0.158189,0.334017,0.00255472,0.382036,17,17,0.00314408,56
synthetic-burst,merge,3600,28342,0.0208283,-0.00342747,0.446134,0.105671,0.706513,-1,-0.907769,0.972056,2,1.94225e-05,0.000230506,0.955472,0.501621,0.703971,0.326369,0.660403,0.0014819,0.444492,15,15,0.00379674,214
synthetic-square,reference,30,29405,0,0,0,0,0,0,0,0,0,0,0,0,0,0,0,0,0.00207448,0.0729371,21,21,0.00121658,17424
synthetic-square,standard,30,29405,0,0,0,4.67882e-08,0,0,0,0,0,4.93041e-09,4.42867e-06,0,3.38554e-07,0.000555778,0,3.62413e-07,0.00207448,0.0729371,21,21,0.00121658,17424
synthetic-square,standard,60,29405,2.30372e-05,-0.0004201,0.0027529,0.00069132,0.0307431,0,0.00108825,0.0580173,0,2.13042e-05,0.000271796,0,0.00392529,0.00548609,0.000702946,0.00406892,0.00207448,0.073311,21,21,0.0012251,17479
synthetic-square,standard,300,29405,6.01695e-05,-0.00299173,0.024578,0.0060327,0.0843054,0,-0.0501955,0.109233,1,1.86174e-05,0.000209522,0.255705,0.0349975,0.0489757,0.0063081,0.0364244,0.00204047,0.0762277,22,22,0.00129149,17775
synthetic-square,standard,600,29405,0.000147863,-0.0048364,0.0514551,0.0125065,0.144907,0,-0.0982826,0.176093,1,1.87561e-05,0.000211689,0.369801,0.0730801,0.102618,0.0132902,0.0764194,0.00180241,0.079673,21,21,0.00136989,18227
synthetic-square,standard,900,29405,0.000392586,-0.00576793,0.077913,0.0188744,0.188879,0,-0.153987,0.21595,1,1.87184e-05,0.000213358,0.437307,0.110428,0.155901,0.0202873,0.115958,0.00170039,0.0829182,20,31,0.00144374,18680
synthetic-square,standard,1800,29405,0.0036136,-0.00658744,0.155175,0.0377695,0.295936,0,-0.264853,0.329332,1,1.86625e-05,0.000212805,0.576195,0.219166,0.319024,0.0410915,0.232245,0.00132631,0.091679,19,53,0.0534312,19774
synthetic-square,standard,3600,29405,0.0165117,-0.00508922,0.303352,0.0759078,0.4336,0,-0.43326,0.499099,1,1.8682e-05,0.000214066,0.714708,0.431803,1.8876,0.0826732,0.458122,0.00272063,1.76249,67,509,0.809779,21837
synthetic-square,substeps,30,29405,0.0422852,-0.00514244,0.160015,0.0584232,0.947968,-13,-10.3572,11.8349,20,2.51684e-05,0.000244668,0.874579,0.223052,0.440428,0.218788,0.339553,0,4.70818e-05,0,0,-0,24581
synthetic-square,substeps,60,29405,0.0327328,-0.00738682,0.153512,0.0523285,0.939942,-12,-9.89719,11.3584,20,2.04026e-05,0.000239064,0.81544,0.208224,0.404655,0.209248,0.32505,0,2.30712e-05,0,0,-0,22681
synthetic-square,substeps,300,29405,0.0118387,-0.01956,0.13172,0.0389906,0.917769,-8,-7.17164,8.54338,17,1.87426e-05,0.000216143,0.654208,0.122168,0.238061,0.172515,0.258378,0,3.9617e-06,0,0,-0,20874
synthetic-square,substeps,600,29405,0.0164556,-0.0245743,0.115884,0.0371704,0.891243,-4,-5.07216,6.16218,14,1.86516e-05,0.000218802,0.624282,0.104491,0.174386,0.152765,0.221674,0,1.64423e-06,0,0,-0,20674
synthetic-square,substeps,900,29405,0.0248211,-0.00471709,0.106026,0.0374655,0.86237,-2,-3.8909,4.92025,12,1.87095e-05,0.000214926,0.632784,0.104947,0.194857,0.139663,0.213269,3.40078e-05,0.0133783,1,12,0.000886523,20663
synthetic-square,substeps,1800,29405,0.0471444,-0.000884372,0.117197,0.0509507,0.732869,-1,-1.51944,2.10396,8,1.86894e-05,0.000214256,0.680258,0.219166,0.319024,0.121828,0.245909,3.40078e-05,0.0241164,3,37,0.0534312,20978
synthetic-square,substeps,3600,29405,0.045003,0.000443691,0.30336,0.0837269,0.509301,0,-0.416324,0.718993,2,1.86897e-05,0.000214272,0.743717,0.431803,1.8876,0.11649,0.458153,0.00170039,1.76249,51,493,0.809779,22421
synthetic-square,substeps-xadj,30,29405,-0.00358848,-0.0299021,0.00714595,0.00885017,0.257609,0,-0.323074,0.597449,4,0.000630729,0.0256613,0.418126,0.0563757,0.0899699,0.027669,0.07013,0,0.000666338,0,0,-0,15265
synthetic-square,substeps-xadj,60,29405,-0.0033696,-0.028403,0.00684809,0.00835182,0.253222,0,-0.338378,0.614249,4,0.000174238,0.0096517,0.414181,0.0533013,0.0903183,0.0272467,0.0664516,0,0.00029047,0,0,-0,15368
synthetic-square,substeps-xadj,300,29405,-0.00039317,-0.0179272,0.00856401,0.0059278,0.354362,0,-0.674341,0.807584,6,2.28435e-05,0.000372703,0.444856,0.0439466,0.0939378,0.0251542,0.0507346,0,2.05454e-05,0,0,-0,16726
synthetic-square,substeps-xadj,600,29405,0.00308615,-0.0155537,0.0167379,0.00950818,0.396259,0,-0.638259,0.745996,4,1.91785e-05,0.000227133,0.509199,0.0503641,0.10256,0.0268779,0.0531425,0,5.62629e-06,0,0,-0,17921
synthetic-square,substeps-xadj,900,29405,0.00457692,-0.014009,0.0400716,0.014899,0.417718,0,-0.661486,0.750247,4,1.88065e-05,0.000217636,0.560143,0.0630594,0.155901,0.0318695,0.0673269,3.40078e-05,0.0133783,1,12,0.000886523,18695
synthetic-square,substeps-xadj,1800,29405,0.0109612,-0.0107748,0.10961,0.0324606,0.428703,0,-0.548648,0.615984,2,1.86745e-05,0.000212547,0.654889,0.219166,0.319024,0.0497794,0.16248,3.40078e-05,0.0201043,3,37,0.0534312,20092
synthetic-square,substeps-xadj,3600,29405,0.0244588,-0.00818348,0.303352,0.072788,0.443734,0,-0.445026,0.515899,1,1.86863e-05,0.000214266,0.7395,0.431803,1.8876,0.0854639,0.458112,0.00166638,1.76249,50,492,0.809779,22046
synthetic-square,subcycles,60,29405,2.30467e-05,-0.0004201,0.0027529,0.00069132,0.0307431,0,0.00108825,0.0580173,0,2.13043e-05,0.000271796,0,0.00392529,0.00548609,0.000702946,0.00406892,0.00207448,0.073311,21,21,0.0012251,17479
synthetic-square,subcycles,300,29405,6.00306e-05,-0.00299036,0.024578,0.00603152,0.0842374,0,-0.0501275,0.109165,1,1.86178e-05,0.000209497,0.255705,0.0349975,0.0489757,0.00630354,0.0364244,0.00204047,0.0762277,22,22,0.00129149,17776
synthetic-square,subcycles,600,29405,0.000146752,-0.00483486,0.0514551,0.0125026,0.144703,0,-0.0980786,0.175888,1,1.87563e-05,0.000211699,0.369597,0.0730801,0.102618,0.0132698,0.0764193,0.00180241,0.079673,21,21,0.00136989,18227
synthetic-square,subcycles,900,29405,0.000390355,-0.00576096,0.0779124,0.0188628,0.188301,0,-0.153511,0.215338,1,1.87194e-05,0.000213366,0.436762,0.110357,0.155901,0.0202475,0.115944,0.00166638,0.0829182,19,19,0.00144374,18681
synthetic-square,subcycles,1800,29405,0.00355903,-0.00653441,0.154882,0.0376873,0.292671,0,-0.261554,0.326033,1,1.8662e-05,0.000213131,0.57395,0.218817,0.319024,0.0408269,0.232045,0.0012923,0.091679,16,16,0.00164312,19763
synthetic-square,subcycles,3600,29405,0.0161504,-0.00551687,0.301806,0.0747928,0.426186,0,-0.430505,0.484237,1,1.86812e-05,0.000214021,0.705934,0.42397,0.626205,0.081064,0.45518,0.000986227,0.106667,15,15,0.0019842,21661
synthetic-square,stabilized,30,29405,0.0422852,-0.00514244,0.160015,0.0584232,0.947968,-13,-10.3572,11.8349,20,2.51684e-05,0.000244668,0.874579,0.223052,0.440428,0.218788,0.339553,0,4.70818e-05,0,0,-0,24581
synthetic-square,stabilized,60,29405,0.0327328,-0.00738682,0.153512,0.0523285,0.939942,-12,-9.89719,11.3584,20,2.04026e-05,0.000239064,0.81544,0.208224,0.404655,0.209248,0.32505,0,2.30712e-05,0,0,-0,22681
synthetic-square,stabilized,300,29405,0.0118387,-0.01956,0.13172,0.0389908,0.917769,-8,-7.17191,8.54365,17,1.87423e-05,0.000216138,0.654208,0.122168,0.238061,0.172515,0.258378,0,3.9617e-06,0,0,-0,20873
synthetic-square,stabilized,600,29405,0.0164556,-0.0245743,0.115883,0.0371713,0.891175,-4,-5.07165,6.16181,14,1.86516e-05,0.000218773,0.62418,0.104491,0.174386,0.152761,0.221674,0,1.64423e-06,0,0,-0,20673
synthetic-square,stabilized,900,29405,0.0248185,-0.00474906,0.106023,0.0374599,0.861996,-2,-3.89012,4.91947,12,1.87107e-05,0.00021492,0.632511,0.104829,0.194857,0.139657,0.213268,0,1.09062e-06,0,0,-0,20667
synthetic-square,stabilized,1800,29405,0.0471157,-0.000939494,0.11702,0.0508695,0.731338,-1,-1.51641,2.1025,8,1.86898e-05,0.000214439,0.678422,0.218817,0.319024,0.121593,0.245372,0,4.74225e-07,0,0,-0,20973
synthetic-square,stabilized,3600,29405,0.0446985,-1.04432e-05,0.301806,0.0825389,0.506853,0,-0.415133,0.708825,2,1.86881e-05,0.000214255,0.736337,0.42397,0.626205,0.115185,0.45518,0,3.35102e-07,0,0,-0,22266
synthetic-square,inflate-k,60,29405,2.29647e-05,-0.0004201,0.0027529,0.000691304,0.0307091,0,0.00112226,0.0579833,0,2.13042e-05,0.000271796,0,0.00392529,0.00548609,0.000702946,0.00406892,0.00207448,0.073311,21,21,0.0012251,17479
synthetic-square,inflate-k,300,29405,5.66599e-05,-0.00299036,0.024578,0.0060401,0.0837953,0,-0.0495494,0.108723,1,1.86168e-05,0.000209535,0.255705,0.0349975,0.0489757,0.00630342,0.0364244,0.00204047,0.0762277,22,22,0.00129149,17776
synthetic-square,inflate-k,600,29405,0.000141857,-0.00483937,0.0514551,0.0125378,0.142221,0,-0.0944397,0.173406,1,1.87564e-05,0.000211696,0.369631,0.0730801,0.102618,0.0132732,0.0764193,0.00180241,0.079673,21,21,0.00136989,18228
synthetic-square,inflate-k,900,29405,0.000381431,-0.00577509,0.077913,0.018963,0.185547,0,-0.14586,0.213603,1,1.87162e-05,0.000213399,0.43683,0.110428,0.155901,0.0202496,0.115958,0.00166638,0.0829182,19,19,0.00144374,18681
synthetic-square,inflate-k,1800,29405,0.00352664,-0.00815588,0.15502,0.038176,0.294236,0,-0.217412,0.335623,1,1.86594e-05,0.000212904,0.57463,0.21882,0.319024,0.0408432,0.23207,0.0012923,0.091679,16,16,0.00164312,19778
synthetic-square,inflate-k,3600,29405,0.0161126,-0.0164574,0.302447,0.0769486,0.438939,0,-0.247815,0.581364,2,1.86693e-05,0.000214057,0.708111,0.428385,0.626205,0.0822545,0.456485,0.000986227,0.106667,15,15,0.0019842,21749
synthetic-square,merge,60,29401,2.42864e-05,-0.000420119,0.00275295,0.000691963,0.0308493,0,0.000986361,0.0581273,0,2.1302e-05,0.000271796,0,0.00392543,0.00548609,0.000703151,0.00406894,0.00207476,0.073311,21,21,0.0012251,17479
synthetic-square,merge,300,29369,8.66399e-05,-0.00299153,0.0245823,0.00604347,0.0851578,0,-0.0510062,0.110116,1,1.86092e-05,0.00020954,0.255984,0.0350004,0.0489757,0.00632023,0.0364245,0.00204297,0.0762277,22,22,0.00129149,17765
synthetic-square,merge,600,29300,0.000449925,-0.00483668,0.051496,0.0125961,0.149556,0,-0.102765,0.180853,1,1.87421e-05,0.000211699,0.370922,0.0730939,0.102618,0.0133884,0.0764625,0.00180887,0.079673,21,21,0.00136989,18203
synthetic-square,merge,900,29226,0.00133678,-0.00576542,0.0780383,0.0191038,0.199651,0,-0.164579,0.226853,1,1.86829e-05,0.000213374,0.439369,0.110444,0.155901,0.0204732,0.116043,0.00167659,0.0829182,19,19,0.00144374,18642
synthetic-square,merge,1800,28966,0.0060388,-0.00648925,0.155515,0.0387172,0.336394,0,-0.315611,0.381275,1,1.85907e-05,0.00021294,0.581613,0.219203,0.38136,0.0421112,0.232718,0.00120831,0.091679,17,17,0.00164312,19636
synthetic-square,merge,3600,28342,0.0228027,-0.00492687,0.303358,0.0791214,0.499894,0,-0.624444,0.748783,2,1.85316e-05,0.000214232,0.724896,0.426927,0.626205,0.0909583,0.458929,0.000987933,0.106667,15,15,0.0019842,21259
