Treatment,Measure,1 min,5 min,10 min,15 min,30 min,60 min
Standard,"Annual peak, bias (%)",0.00,0.00,0.00,0.00,+0.04,+0.46
,"Annual peak, mean abs. error (%)",0.02,0.13,0.26,0.38,0.75,2.09
,"Peak time, bias (h)",0.00,−0.04,−0.08,−0.12,−0.24,−0.45
,"Peak time, mean abs. error (h)",0.01,0.07,0.14,0.22,0.41,0.75
,"Annual volume, mean abs. error (%)",0.002,0.002,0.002,0.003,0.004,0.006
Substeps,"Annual peak, bias (%)",+14.98,…,+11.11,…,+7.06,…
,"Annual peak, mean abs. error (%)",17.88,…,12.86,…,8.26,…
,"Peak time, bias (h)",+0.38,…,+0.23,…,+0.01,…
,"Peak time, mean abs. error (h)",2.84,…,2.22,…,1.54,…
,"Annual volume, mean abs. error (%)",0.011,…,0.010,…,0.010,…
"Substeps, x adjusted","Annual peak, bias (%)",…,…,…,…,…,…
,"Annual peak, mean abs. error (%)",…,…,…,…,…,…
,"Peak time, bias (h)",…,…,…,…,…,…
,"Peak time, mean abs. error (h)",…,…,…,…,…,…
,"Annual volume, mean abs. error (%)",…,…,…,…,…,…
Subcycles,"Annual peak, bias (%)",…,…,…,…,…,…
,"Annual peak, mean abs. error (%)",…,…,…,…,…,…
,"Peak time, bias (h)",…,…,…,…,…,…
,"Peak time, mean abs. error (h)",…,…,…,…,…,…
,"Annual volume, mean abs. error (%)",…,…,…,…,…,…
Stabilized,"Annual peak, bias (%)",b,…,…,…,…,…
,"Annual peak, mean abs. error (%)",b,…,…,…,…,…
,"Peak time, bias (h)",b,…,…,…,…,…
,"Peak time, mean abs. error (h)",b,…,…,…,…,…
,"Annual volume, mean abs. error (%)",b,…,…,…,…,…
Inflate k,"Annual peak, bias (%)",…,…,…,…,…,…
,"Annual peak, mean abs. error (%)",…,…,…,…,…,…
,"Peak time, bias (h)",…,…,…,…,…,…
,"Peak time, mean abs. error (h)",…,…,…,…,…,…
,"Annual volume, mean abs. error (%)",…,…,…,…,…,…
Merge,"Annual peak, bias (%)",…,…,…,…,…,…
,"Annual peak, mean abs. error (%)",…,…,…,…,…,…
,"Peak time, bias (h)",…,…,…,…,…,…
,"Peak time, mean abs. error (h)",…,…,…,…,…,…
,"Annual volume, mean abs. error (%)",…,…,…,…,…,…
